seed,corruption_level,model_a,model_b,n_samples,both_correct,model_a_only_correct,model_b_only_correct,both_wrong,accuracy_delta_a_minus_b,p_raw,p_holm,significant_holm_0.05
123,0,word,bpe_500,2000,1532,169,108,191,0.0305,0.0002965603835895554,0.3490515714849067,False
123,0,word,bpe_1000,2000,1533,168,93,206,0.0375,4.015245926488684e-06,0.005502866256426255,True
123,0,word,bpe_2000,2000,1562,139,103,196,0.018,0.024255776870814077,1.0,False
123,0,word,bpe_5000,2000,1599,102,86,213,0.008,0.27391998687270525,1.0,False
123,0,word,char,2000,1509,192,102,197,0.045,1.694377569355503e-07,0.00024263486793170804,True
123,0,bpe_500,bpe_1000,2000,1515,125,111,249,0.007,0.39747392109882873,1.0,False
123,0,bpe_500,bpe_2000,2000,1521,119,144,216,-0.0125,0.1387502435545101,1.0,False
123,0,bpe_500,bpe_5000,2000,1535,105,150,210,-0.0225,0.005755672208924564,1.0,False
123,0,bpe_500,char,2000,1495,145,116,244,0.0145,0.08287059617057363,1.0,False
123,0,bpe_1000,bpe_2000,2000,1551,75,114,260,-0.0195,0.005566130513722026,1.0,False
123,0,bpe_1000,bpe_5000,2000,1548,78,137,237,-0.0295,6.931211093773101e-05,0.08677876289403923,False
123,0,bpe_1000,char,2000,1478,148,133,241,0.0075,0.4036648897829976,1.0,False
123,0,bpe_2000,bpe_5000,2000,1578,87,107,228,-0.01,0.17237156543983836,1.0,False
123,0,bpe_2000,char,2000,1492,173,119,216,0.027,0.001875240856226659,1.0,False
123,0,bpe_5000,char,2000,1500,185,111,204,0.037,2.0096987436155986e-05,0.02638734450367281,True
123,5,word,bpe_500,2000,1517,169,119,195,0.025,0.003809189023554528,1.0,False
123,5,word,bpe_1000,2000,1521,165,101,213,0.032,0.00010446722965270358,0.1290170286210889,False
123,5,word,bpe_2000,2000,1550,136,101,213,0.0175,0.026996511573652834,1.0,False
123,5,word,bpe_5000,2000,1586,100,95,219,0.0025,0.7746233321773475,1.0,False
123,5,word,char,2000,1501,185,109,205,0.038,1.0969840158170281e-05,0.014655706451315496,True
123,5,bpe_500,bpe_1000,2000,1512,124,110,254,0.007,0.3954637070793693,1.0,False
123,5,bpe_500,bpe_2000,2000,1516,120,135,229,-0.0075,0.38067886396370465,1.0,False
123,5,bpe_500,bpe_5000,2000,1531,105,150,214,-0.0225,0.005755672208924564,1.0,False
123,5,bpe_500,char,2000,1487,149,123,241,0.013,0.12940554265603355,1.0,False
123,5,bpe_1000,bpe_2000,2000,1540,82,111,267,-0.0145,0.04357407848555546,1.0,False
123,5,bpe_1000,bpe_5000,2000,1541,81,140,238,-0.0295,8.746658345099625e-05,0.10889589639649033,False
123,5,bpe_1000,char,2000,1476,146,134,244,0.006,0.51101142704365,1.0,False
123,5,bpe_2000,bpe_5000,2000,1571,80,110,239,-0.015,0.03511193479805759,1.0,False
123,5,bpe_2000,char,2000,1489,162,121,228,0.0205,0.017264151890161186,1.0,False
123,5,bpe_5000,char,2000,1497,184,113,206,0.0355,4.5066820410279525e-05,0.057505262843516675,False
123,10,word,bpe_500,2000,1502,177,120,201,0.0285,0.0011209071828300239,1.0,False
123,10,word,bpe_1000,2000,1500,179,102,219,0.0385,5.096047245672616e-06,0.006945912395851776,True
123,10,word,bpe_2000,2000,1528,151,107,214,0.022,0.0073085672845731205,1.0,False
123,10,word,bpe_5000,2000,1564,115,99,222,0.008,0.30517588927634604,1.0,False
123,10,word,char,2000,1477,202,117,204,0.0425,2.248318763067195e-06,0.0031206664431372663,True
123,10,bpe_500,bpe_1000,2000,1492,130,110,268,0.01,0.21995127170296608,1.0,False
123,10,bpe_500,bpe_2000,2000,1492,130,143,235,-0.0065,0.46773633482673305,1.0,False
123,10,bpe_500,bpe_5000,2000,1510,112,153,225,-0.0205,0.013851049859243226,1.0,False
123,10,bpe_500,char,2000,1465,157,129,249,0.014,0.11020675463918189,1.0,False
123,10,bpe_1000,bpe_2000,2000,1515,87,120,278,-0.0165,0.025899541336068917,1.0,False
123,10,bpe_1000,bpe_5000,2000,1519,83,144,254,-0.0305,6.211446192234092e-05,0.07818073784249668,False
123,10,bpe_1000,char,2000,1451,151,143,255,0.004,0.683162608005191,1.0,False
123,10,bpe_2000,bpe_5000,2000,1549,86,114,251,-0.014,0.05596574049426457,1.0,False
123,10,bpe_2000,char,2000,1463,172,131,234,0.0205,0.02141081997001335,1.0,False
123,10,bpe_5000,char,2000,1474,189,120,217,0.0345,0.00010308476941905533,0.1274127750019524,False
123,15,word,bpe_500,2000,1496,182,125,197,0.0285,0.0013544783575511051,1.0,False
123,15,word,bpe_1000,2000,1494,184,114,208,0.035,5.966407578436971e-05,0.07529606363987457,False
123,15,word,bpe_2000,2000,1497,181,116,206,0.0325,0.000193608666176545,0.23383321533584447,False
123,15,word,bpe_5000,2000,1541,137,107,215,0.015,0.0631560334794995,1.0,False
123,15,word,char,2000,1474,204,116,206,0.044,9.934328889667977e-07,0.0013977600747762844,True
123,15,bpe_500,bpe_1000,2000,1482,139,126,253,0.0065,0.46109374999588126,1.0,False
123,15,bpe_500,bpe_2000,2000,1466,155,147,232,0.004,0.6871607768463797,1.0,False
123,15,bpe_500,bpe_5000,2000,1490,131,158,221,-0.0135,0.1260161609754942,1.0,False
123,15,bpe_500,char,2000,1460,161,130,249,0.0155,0.07846083616211161,1.0,False
123,15,bpe_1000,bpe_2000,2000,1495,113,118,274,-0.0025,0.7924798849312893,1.0,False
123,15,bpe_1000,bpe_5000,2000,1503,105,145,247,-0.02,0.01348144914260268,1.0,False
123,15,bpe_1000,char,2000,1453,155,137,255,0.009,0.3198113824661028,1.0,False
123,15,bpe_2000,bpe_5000,2000,1519,94,129,258,-0.0175,0.022584267057569128,1.0,False
123,15,bpe_2000,char,2000,1441,172,149,238,0.0115,0.21941649922215314,1.0,False
123,15,bpe_5000,char,2000,1459,189,131,221,0.029,0.001402775454562403,1.0,False
123,20,word,bpe_500,2000,1480,177,132,211,0.0225,0.01218807913318276,1.0,False
123,20,word,bpe_1000,2000,1473,184,120,223,0.032,0.0002884837402256218,0.34069929720645936,False
123,20,word,bpe_2000,2000,1482,175,124,219,0.0255,0.0037607025648533025,1.0,False
123,20,word,bpe_5000,2000,1513,144,124,219,0.01,0.24575030146283064,1.0,False
123,20,word,char,2000,1457,200,132,211,0.034,0.00022528572225308797,0.2696670095369463,False
123,20,bpe_500,bpe_1000,2000,1470,142,123,265,0.0095,0.26881003028309086,1.0,False
123,20,bpe_500,bpe_2000,2000,1457,155,149,239,0.003,0.7743442203515091,1.0,False
123,20,bpe_500,bpe_5000,2000,1477,135,160,228,-0.0125,0.16220037364702597,1.0,False
123,20,bpe_500,char,2000,1456,156,133,255,0.0115,0.19553820736589353,1.0,False
123,20,bpe_1000,bpe_2000,2000,1474,119,132,275,-0.0065,0.44885539360960197,1.0,False
123,20,bpe_1000,bpe_5000,2000,1475,118,162,245,-0.022,0.010051222979863229,1.0,False
123,20,bpe_1000,char,2000,1441,152,148,259,0.002,0.8625270926954672,1.0,False
123,20,bpe_2000,bpe_5000,2000,1511,95,126,268,-0.0155,0.04334516199524931,1.0,False
123,20,bpe_2000,char,2000,1432,174,157,237,0.0085,0.37919070006212147,1.0,False
123,20,bpe_5000,char,2000,1451,186,138,225,0.024,0.008921521386944213,1.0,False
123,25,word,bpe_500,2000,1442,191,153,214,0.019,0.04589573688854651,1.0,False
123,25,word,bpe_1000,2000,1440,193,127,240,0.033,0.00026704605449539746,0.3167166206315414,False
123,25,word,bpe_2000,2000,1451,182,132,235,0.025,0.005603055012178766,1.0,False
123,25,word,bpe_5000,2000,1483,150,137,230,0.0065,0.4787999029787589,1.0,False
123,25,word,char,2000,1438,195,147,220,0.024,0.01093179600966607,1.0,False
123,25,bpe_500,bpe_1000,2000,1442,153,125,280,0.014,0.10520207303556489,1.0,False
123,25,bpe_500,bpe_2000,2000,1430,165,153,252,0.006,0.5374006348966013,1.0,False
123,25,bpe_500,bpe_5000,2000,1445,150,175,230,-0.0125,0.18301029176100117,1.0,False
123,25,bpe_500,char,2000,1432,163,153,252,0.005,0.6127235221729057,1.0,False
123,25,bpe_1000,bpe_2000,2000,1440,127,143,290,-0.008,0.3613358826694234,1.0,False
123,25,bpe_1000,bpe_5000,2000,1444,123,176,257,-0.0265,0.0025778318381482314,1.0,False
123,25,bpe_1000,char,2000,1412,155,173,260,-0.009,0.3479163117884294,1.0,False
123,25,bpe_2000,bpe_5000,2000,1483,100,137,280,-0.0185,0.019172831165334563,1.0,False
123,25,bpe_2000,char,2000,1409,174,176,241,-0.001,0.9573817287309022,1.0,False
123,25,bpe_5000,char,2000,1434,186,151,229,0.0175,0.06385172657857457,1.0,False
123,30,word,bpe_500,2000,1422,200,151,227,0.0245,0.010304005725767642,1.0,False
123,30,word,bpe_1000,2000,1411,211,135,243,0.038,5.185638777588911e-05,0.06585761247537918,False
123,30,word,bpe_2000,2000,1417,205,140,238,0.0325,0.0005506872587615027,0.6288848495056361,False
123,30,word,bpe_5000,2000,1446,176,145,233,0.0155,0.09389072482222756,1.0,False
123,30,word,char,2000,1413,209,151,227,0.029,0.002614244136067824,1.0,False
123,30,bpe_500,bpe_1000,2000,1411,162,135,292,0.0135,0.13124434589899295,1.0,False
123,30,bpe_500,bpe_2000,2000,1386,187,171,256,0.008,0.42794951903005324,1.0,False
123,30,bpe_500,bpe_5000,2000,1403,170,188,239,-0.009,0.3689527238500436,1.0,False
123,30,bpe_500,char,2000,1407,166,157,270,0.0045,0.6562913522122094,1.0,False
123,30,bpe_1000,bpe_2000,2000,1402,144,155,299,-0.0055,0.5631244612737022,1.0,False
123,30,bpe_1000,bpe_5000,2000,1405,141,186,268,-0.0225,0.014839385120164162,1.0,False
123,30,bpe_1000,char,2000,1380,166,184,270,-0.009,0.36353508166407006,1.0,False
123,30,bpe_2000,bpe_5000,2000,1446,111,145,298,-0.017,0.03895183416231431,1.0,False
123,30,bpe_2000,char,2000,1376,181,188,255,-0.0035,0.7548250097032486,1.0,False
123,30,bpe_5000,char,2000,1402,189,162,247,0.0135,0.16511210963963457,1.0,False
123,35,word,bpe_500,2000,1391,206,163,240,0.0215,0.028647249418295304,1.0,False
123,35,word,bpe_1000,2000,1368,229,143,260,0.043,9.618170092831462e-06,0.01289796609448699,True
123,35,word,bpe_2000,2000,1368,229,148,255,0.0405,3.549518264394998e-05,0.04561130969747572,True
123,35,word,bpe_5000,2000,1419,178,158,245,0.01,0.2999441623407962,1.0,False
123,35,word,char,2000,1375,222,170,233,0.026,0.009908884456374029,1.0,False
123,35,bpe_500,bpe_1000,2000,1374,180,137,309,0.0215,0.018186343429689184,1.0,False
123,35,bpe_500,bpe_2000,2000,1350,204,166,280,0.019,0.05426549877583409,1.0,False
123,35,bpe_500,bpe_5000,2000,1380,174,197,249,-0.0115,0.25334577337319875,1.0,False
123,35,bpe_500,char,2000,1382,172,163,283,0.0045,0.6621126075296985,1.0,False
123,35,bpe_1000,bpe_2000,2000,1350,161,166,323,-0.0025,0.8249782515169685,1.0,False
123,35,bpe_1000,bpe_5000,2000,1378,133,199,290,-0.033,0.00034625262202845117,0.404423062529231,False
123,35,bpe_1000,char,2000,1341,170,204,285,-0.017,0.08780027076718414,1.0,False
123,35,bpe_2000,bpe_5000,2000,1411,105,166,318,-0.0305,0.0002534414231360158,0.3010884106855867,False
123,35,bpe_2000,char,2000,1330,186,215,269,-0.0145,0.16195384008157632,1.0,False
123,35,bpe_5000,char,2000,1368,209,177,246,0.016,0.1144815337116159,1.0,False
123,40,word,bpe_500,2000,1362,210,182,246,0.014,0.1725818226720512,1.0,False
123,40,word,bpe_1000,2000,1320,252,156,272,0.048,2.313665698088889e-06,0.0032067406575512006,True
123,40,word,bpe_2000,2000,1334,238,160,268,0.039,0.00010836917739843712,0.13361919573227296,False
123,40,word,bpe_5000,2000,1370,202,165,263,0.0185,0.06007164265361565,1.0,False
123,40,word,char,2000,1355,217,185,243,0.016,0.12196329974855201,1.0,False
123,40,bpe_500,bpe_1000,2000,1330,214,146,310,0.034,0.00039906096501652943,0.46171353652412456,False
123,40,bpe_500,bpe_2000,2000,1318,226,176,280,0.025,0.014427892590935996,1.0,False
123,40,bpe_500,bpe_5000,2000,1344,200,191,265,0.0045,0.6858414338682799,1.0,False
123,40,bpe_500,char,2000,1364,180,176,280,0.002,0.8736978242941796,1.0,False
123,40,bpe_1000,bpe_2000,2000,1301,175,193,331,-0.009,0.3755407854902256,1.0,False
123,40,bpe_1000,bpe_5000,2000,1324,152,211,313,-0.0295,0.002288100543271635,1.0,False
123,40,bpe_1000,char,2000,1298,178,242,282,-0.032,0.00207500960675755,1.0,False
123,40,bpe_2000,bpe_5000,2000,1366,128,169,337,-0.0205,0.02013033908072309,1.0,False
123,40,bpe_2000,char,2000,1300,194,240,266,-0.023,0.030649433058375662,1.0,False
123,40,bpe_5000,char,2000,1334,201,206,259,-0.0025,0.8428623817955455,1.0,False
123,45,word,bpe_500,2000,1323,218,201,258,0.0085,0.43445548301173104,1.0,False
123,45,word,bpe_1000,2000,1275,266,184,275,0.041,0.00012913990523423952,0.15806724400670918,False
123,45,word,bpe_2000,2000,1264,277,182,277,0.0475,1.0710573644175717e-05,0.014320036962262934,True
123,45,word,bpe_5000,2000,1336,205,185,274,0.01,0.33600620105966805,1.0,False
123,45,word,char,2000,1314,227,206,253,0.0105,0.3364898265869236,1.0,False
123,45,bpe_500,bpe_1000,2000,1311,213,148,328,0.0325,0.000733988946401853,0.8228016089164772,False
123,45,bpe_500,bpe_2000,2000,1279,245,167,309,0.039,0.00014242186051643133,0.17332740424849694,False
123,45,bpe_500,bpe_5000,2000,1327,197,194,282,0.0015,0.9194528737335979,1.0,False
123,45,bpe_500,char,2000,1333,191,187,289,0.002,0.8773968397363092,1.0,False
123,45,bpe_1000,bpe_2000,2000,1262,197,184,357,0.0065,0.5387565169247869,1.0,False
123,45,bpe_1000,bpe_5000,2000,1298,161,223,318,-0.031,0.0018157863308481093,1.0,False
123,45,bpe_1000,char,2000,1277,182,243,298,-0.0305,0.00356006643840309,1.0,False
123,45,bpe_2000,bpe_5000,2000,1326,120,195,359,-0.0375,2.815844936419064e-05,0.03654966727471945,True
123,45,bpe_2000,char,2000,1253,193,267,287,-0.037,0.0006490839520927602,0.7341139498169117,False
123,45,bpe_5000,char,2000,1312,209,208,271,0.0005,1.0,1.0,False
123,50,word,bpe_500,2000,1281,226,227,266,-0.0005,1.0,1.0,False
123,50,word,bpe_1000,2000,1242,265,196,297,0.0345,0.0015124389216820224,1.0,False
123,50,word,bpe_2000,2000,1221,286,197,296,0.0445,5.9533893761421766e-05,0.07519130782067569,False
123,50,word,bpe_5000,2000,1288,219,198,295,0.0105,0.3273845431378742,1.0,False
123,50,word,char,2000,1284,223,226,267,-0.0015,0.9248165023735706,1.0,False
123,50,bpe_500,bpe_1000,2000,1285,223,153,339,0.035,0.0003601092504743097,0.4195272768025708,False
123,50,bpe_500,bpe_2000,2000,1249,259,169,323,0.045,1.5825329004809218e-05,0.020921084944357786,True
123,50,bpe_500,bpe_5000,2000,1286,222,200,292,0.011,0.3066519535486149,1.0,False
123,50,bpe_500,char,2000,1314,194,196,296,-0.001,0.9596234354265613,1.0,False
123,50,bpe_1000,bpe_2000,2000,1236,202,182,380,0.01,0.3322577019632002,1.0,False
123,50,bpe_1000,bpe_5000,2000,1262,176,224,338,-0.024,0.01866152031735991,1.0,False
123,50,bpe_1000,char,2000,1255,183,255,307,-0.036,0.0006754396195823762,0.761220451269338,False
123,50,bpe_2000,bpe_5000,2000,1291,127,195,387,-0.034,0.00017934175008584927,0.21718285935396348,False
123,50,bpe_2000,char,2000,1223,195,287,295,-0.046,3.229006301463335e-05,0.04168647135189166,True
123,50,bpe_5000,char,2000,1272,214,238,276,-0.012,0.27931365557737364,1.0,False
132,0,word,bpe_500,2000,1508,189,95,208,0.047,2.574070542172085e-08,3.742698568318212e-05,True
132,0,word,bpe_1000,2000,1527,170,103,200,0.0335,5.991781318396959e-05,0.07549644461180169,False
132,0,word,bpe_2000,2000,1560,137,96,207,0.0205,0.008638406577337597,1.0,False
132,0,word,bpe_5000,2000,1583,114,95,208,0.0095,0.2130005576350852,1.0,False
132,0,word,char,2000,1530,167,111,192,0.028,0.0009376668035214268,1.0,False
132,0,bpe_500,bpe_1000,2000,1502,101,128,269,-0.0135,0.08555038113722856,1.0,False
132,0,bpe_500,bpe_2000,2000,1507,96,149,248,-0.0265,0.0008570317040875533,0.9538762866494468,False
132,0,bpe_500,bpe_5000,2000,1509,94,169,228,-0.0375,4.3786687222700815e-06,0.005990018812065472,True
132,0,bpe_500,char,2000,1504,99,137,260,-0.019,0.015838688881620832,1.0,False
132,0,bpe_1000,bpe_2000,2000,1534,96,122,248,-0.013,0.09018463240010802,1.0,False
132,0,bpe_1000,bpe_5000,2000,1535,95,143,227,-0.024,0.0022467345076008843,1.0,False
132,0,bpe_1000,char,2000,1510,120,131,239,-0.0055,0.5279966429637912,1.0,False
132,0,bpe_2000,bpe_5000,2000,1576,80,102,242,-0.011,0.11931902228044106,1.0,False
132,0,bpe_2000,char,2000,1516,140,125,219,0.0075,0.3898213933200047,1.0,False
132,0,bpe_5000,char,2000,1529,149,112,210,0.0185,0.025669035799105448,1.0,False
132,5,word,bpe_500,2000,1507,187,97,209,0.045,1.0128323524045142e-07,0.00014584785874625006,True
132,5,word,bpe_1000,2000,1516,178,94,212,0.042,3.947992726694339e-07,0.0005602201679179267,True
132,5,word,bpe_2000,2000,1566,128,94,212,0.017,0.026549053936932954,1.0,False
132,5,word,bpe_5000,2000,1585,109,89,217,0.01,0.17677965404809923,1.0,False
132,5,word,char,2000,1531,163,109,197,0.027,0.0012689672518048068,1.0,False
132,5,bpe_500,bpe_1000,2000,1488,116,122,274,-0.003,0.7459383273676189,1.0,False
132,5,bpe_500,bpe_2000,2000,1508,96,152,244,-0.028,0.0004550961748933579,0.523815697302255,False
132,5,bpe_500,bpe_5000,2000,1511,93,163,233,-0.035,1.438657271508775e-05,0.01910536856563653,True
132,5,bpe_500,char,2000,1502,102,138,258,-0.018,0.023667640256366508,1.0,False
132,5,bpe_1000,bpe_2000,2000,1523,87,137,253,-0.025,0.0010162281955814524,1.0,False
132,5,bpe_1000,bpe_5000,2000,1517,93,157,233,-0.032,6.209748835782103e-05,0.07818073784249668,False
132,5,bpe_1000,char,2000,1489,121,151,239,-0.015,0.07849045296058095,1.0,False
132,5,bpe_2000,bpe_5000,2000,1578,82,96,244,-0.007,0.3298754764930281,1.0,False
132,5,bpe_2000,char,2000,1521,139,119,221,0.01,0.23679357177051774,1.0,False
132,5,bpe_5000,char,2000,1530,144,110,216,0.017,0.038186372679904615,1.0,False
132,10,word,bpe_500,2000,1495,188,107,210,0.0405,2.789211609019235e-06,0.003860268866882621,True
132,10,word,bpe_1000,2000,1496,187,104,213,0.0415,1.30976792883368e-06,0.0018349848682959857,True
132,10,word,bpe_2000,2000,1542,141,104,213,0.0185,0.021259986479514995,1.0,False
132,10,word,bpe_5000,2000,1569,114,90,227,0.012,0.10709882141588886,1.0,False
132,10,word,char,2000,1505,178,122,195,0.028,0.0014548792549569313,1.0,False
132,10,bpe_500,bpe_1000,2000,1480,122,120,278,0.001,0.9487629958476214,1.0,False
132,10,bpe_500,bpe_2000,2000,1498,104,148,250,-0.022,0.006637985944921435,1.0,False
132,10,bpe_500,bpe_5000,2000,1497,105,162,236,-0.0285,0.0005842480901192554,0.6637058303754741,False
132,10,bpe_500,char,2000,1486,116,141,257,-0.0125,0.13421611924267005,1.0,False
132,10,bpe_1000,bpe_2000,2000,1513,87,133,267,-0.023,0.0023386603139271584,1.0,False
132,10,bpe_1000,bpe_5000,2000,1505,95,154,246,-0.0295,0.00022311211696048297,0.2672883161186586,False
132,10,bpe_1000,char,2000,1478,122,149,251,-0.0135,0.1140808247249124,1.0,False
132,10,bpe_2000,bpe_5000,2000,1553,93,106,248,-0.0065,0.39501577812011107,1.0,False
132,10,bpe_2000,char,2000,1499,147,128,226,0.0095,0.27770114662808376,1.0,False
132,10,bpe_5000,char,2000,1509,150,118,223,0.016,0.05807198565812631,1.0,False
132,15,word,bpe_500,2000,1477,186,115,222,0.0355,5.0750701766210186e-05,0.06455489264661936,False
132,15,word,bpe_1000,2000,1477,186,112,225,0.037,2.14547735416507e-05,0.02812720811310407,True
132,15,word,bpe_2000,2000,1507,156,113,224,0.0215,0.01031070696397381,1.0,False
132,15,word,bpe_5000,2000,1550,113,101,236,0.006,0.4521621432456104,1.0,False
132,15,word,char,2000,1493,170,131,206,0.0195,0.028336368217652386,1.0,False
132,15,bpe_500,bpe_1000,2000,1460,132,129,279,0.0015,0.9015070808432801,1.0,False
132,15,bpe_500,bpe_2000,2000,1473,119,147,261,-0.014,0.09764485501293925,1.0,False
132,15,bpe_500,bpe_5000,2000,1486,106,165,243,-0.0295,0.00040650754250669995,0.46951621159523843,False
132,15,bpe_500,char,2000,1471,121,153,255,-0.016,0.06090133364888662,1.0,False
132,15,bpe_1000,bpe_2000,2000,1483,106,137,274,-0.0155,0.05406786779522205,1.0,False
132,15,bpe_1000,bpe_5000,2000,1486,103,165,246,-0.031,0.00018301091175180638,0.2212601923079339,False
132,15,bpe_1000,char,2000,1461,128,163,248,-0.0175,0.04606268856774154,1.0,False
132,15,bpe_2000,bpe_5000,2000,1531,89,120,260,-0.0155,0.037718957484690084,1.0,False
132,15,bpe_2000,char,2000,1471,149,153,227,-0.002,0.8629783035156254,1.0,False
132,15,bpe_5000,char,2000,1499,152,125,224,0.0135,0.11808416554409987,1.0,False
132,20,word,bpe_500,2000,1455,182,132,231,0.025,0.005603055012178766,1.0,False
132,20,word,bpe_1000,2000,1456,181,132,231,0.0245,0.0065726838437192075,1.0,False
132,20,word,bpe_2000,2000,1487,150,131,232,0.0095,0.28289559967775424,1.0,False
132,20,word,bpe_5000,2000,1539,98,108,255,-0.005,0.5307221711313294,1.0,False
132,20,word,char,2000,1461,176,149,214,0.0135,0.1491276929527598,1.0,False
132,20,bpe_500,bpe_1000,2000,1447,140,141,272,-0.0005,1.0,1.0,False
132,20,bpe_500,bpe_2000,2000,1469,118,149,264,-0.0155,0.06616079491946626,1.0,False
132,20,bpe_500,bpe_5000,2000,1474,113,173,240,-0.03,0.0004647758366388302,0.534027436298016,False
132,20,bpe_500,char,2000,1458,129,152,261,-0.0115,0.18928740289684162,1.0,False
132,20,bpe_1000,bpe_2000,2000,1479,109,139,273,-0.015,0.06533102568813412,1.0,False
132,20,bpe_1000,bpe_5000,2000,1476,112,171,241,-0.0295,0.0005422551737218334,0.6203399187377774,False
132,20,bpe_1000,char,2000,1443,145,167,245,-0.011,0.23443135723757424,1.0,False
132,20,bpe_2000,bpe_5000,2000,1526,92,121,261,-0.0145,0.054788507489458946,1.0,False
132,20,bpe_2000,char,2000,1460,158,150,232,0.004,0.6900621236396974,1.0,False
132,20,bpe_5000,char,2000,1479,168,131,222,0.0185,0.037171361900721234,1.0,False
132,25,word,bpe_500,2000,1408,204,147,241,0.0285,0.0027467799738850997,1.0,False
132,25,word,bpe_1000,2000,1430,182,139,249,0.0215,0.018927153458414097,1.0,False
132,25,word,bpe_2000,2000,1448,164,139,249,0.0125,0.16786241187896456,1.0,False
132,25,word,bpe_5000,2000,1509,103,130,258,-0.0135,0.08829195728867756,1.0,False
132,25,word,char,2000,1429,183,170,218,0.0065,0.5230794984048376,1.0,False
132,25,bpe_500,bpe_1000,2000,1414,141,155,290,-0.007,0.44993862993776257,1.0,False
132,25,bpe_500,bpe_2000,2000,1422,133,165,280,-0.016,0.07235123390632663,1.0,False
132,25,bpe_500,bpe_5000,2000,1435,120,204,241,-0.042,3.556774876395799e-06,0.0048976790047970155,True
132,25,bpe_500,char,2000,1416,139,183,262,-0.022,0.016428477387273654,1.0,False
132,25,bpe_1000,bpe_2000,2000,1432,137,155,276,-0.009,0.3198113824661028,1.0,False
132,25,bpe_1000,bpe_5000,2000,1455,114,184,247,-0.035,5.966407578436971e-05,0.07529606363987457,False
132,25,bpe_1000,char,2000,1416,153,183,248,-0.015,0.11349676453500426,1.0,False
132,25,bpe_2000,bpe_5000,2000,1501,86,138,275,-0.026,0.0006232486279910564,0.7055174468858758,False
132,25,bpe_2000,char,2000,1432,155,167,246,-0.006,0.5399383083637411,1.0,False
132,25,bpe_5000,char,2000,1456,183,143,218,0.02,0.030614845447971436,1.0,False
132,30,word,bpe_500,2000,1386,207,157,250,0.025,0.010122718947356998,1.0,False
132,30,word,bpe_1000,2000,1394,199,151,256,0.024,0.011887974920979162,1.0,False
132,30,word,bpe_2000,2000,1425,168,155,252,0.0065,0.5043879247567479,1.0,False
132,30,word,bpe_5000,2000,1482,111,144,263,-0.0165,0.044866763799114244,1.0,False
132,30,word,char,2000,1414,179,184,223,-0.0025,0.8337462766207352,1.0,False
132,30,bpe_500,bpe_1000,2000,1390,153,155,302,-0.001,0.9545731950616047,1.0,False
132,30,bpe_500,bpe_2000,2000,1404,139,176,281,-0.0185,0.04235169571794239,1.0,False
132,30,bpe_500,bpe_5000,2000,1415,128,211,246,-0.0415,7.65193384533621e-06,0.010337762625049221,True
132,30,bpe_500,char,2000,1405,138,193,264,-0.0275,0.0029394515441761803,1.0,False
132,30,bpe_1000,bpe_2000,2000,1406,139,174,281,-0.0175,0.05445795808534774,1.0,False
132,30,bpe_1000,bpe_5000,2000,1424,121,202,253,-0.0405,7.697829831495536e-06,0.010392070272518974,True
132,30,bpe_1000,char,2000,1399,146,199,256,-0.0265,0.005043426803346455,1.0,False
132,30,bpe_2000,bpe_5000,2000,1480,100,146,274,-0.023,0.004024845351825782,1.0,False
132,30,bpe_2000,char,2000,1422,158,176,244,-0.009,0.3522849360552521,1.0,False
132,30,bpe_5000,char,2000,1445,181,153,221,0.014,0.139458657047449,1.0,False
132,35,word,bpe_500,2000,1352,213,173,262,0.02,0.04699875346635248,1.0,False
132,35,word,bpe_1000,2000,1351,214,168,267,0.023,0.021190646756294527,1.0,False
132,35,word,bpe_2000,2000,1383,182,171,264,0.0055,0.5946181475185653,1.0,False
132,35,word,bpe_5000,2000,1432,133,169,266,-0.018,0.04382835094269404,1.0,False
132,35,word,char,2000,1376,189,206,229,-0.0085,0.4208271883565343,1.0,False
132,35,bpe_500,bpe_1000,2000,1358,167,161,314,0.003,0.7825375347739945,1.0,False
132,35,bpe_500,bpe_2000,2000,1365,160,189,286,-0.0145,0.13380838418693192,1.0,False
132,35,bpe_500,bpe_5000,2000,1382,143,219,256,-0.038,7.643412631444894e-05,0.09554265789306117,False
132,35,bpe_500,char,2000,1384,141,198,277,-0.0285,0.00230575595137621,1.0,False
132,35,bpe_1000,bpe_2000,2000,1379,140,175,306,-0.0175,0.05523283180615316,1.0,False
132,35,bpe_1000,bpe_5000,2000,1392,127,209,272,-0.041,9.010272317434195e-06,0.012109805994631559,True
132,35,bpe_1000,char,2000,1371,148,211,270,-0.0315,0.001039218664080862,1.0,False
132,35,bpe_2000,bpe_5000,2000,1448,106,153,293,-0.0235,0.004170500668763147,1.0,False
132,35,bpe_2000,char,2000,1388,166,194,252,-0.014,0.15463118710544393,1.0,False
132,35,bpe_5000,char,2000,1413,188,169,230,0.0095,0.3407726903981384,1.0,False
132,40,word,bpe_500,2000,1308,234,190,268,0.022,0.036649409496878,1.0,False
132,40,word,bpe_1000,2000,1310,232,185,273,0.0235,0.02416655304314054,1.0,False
132,40,word,bpe_2000,2000,1344,198,178,280,0.01,0.3271647298765607,1.0,False
132,40,word,bpe_5000,2000,1396,146,176,282,-0.015,0.10592545929992217,1.0,False
132,40,word,char,2000,1347,195,222,236,-0.0135,0.20288217235114445,1.0,False
132,40,bpe_500,bpe_1000,2000,1316,182,179,323,0.0015,0.9161861394534284,1.0,False
132,40,bpe_500,bpe_2000,2000,1320,178,202,300,-0.012,0.23800982447439056,1.0,False
132,40,bpe_500,bpe_5000,2000,1342,156,230,272,-0.037,0.00019453538836825885,0.2344151429837519,False
132,40,bpe_500,char,2000,1354,144,215,287,-0.0355,0.0002110094060331754,0.25363330605187684,False
132,40,bpe_1000,bpe_2000,2000,1347,148,175,330,-0.0135,0.1478727818857868,1.0,False
132,40,bpe_1000,bpe_5000,2000,1355,140,217,288,-0.0385,5.4176626316373965e-05,0.0686417855428458,False
132,40,bpe_1000,char,2000,1333,162,236,269,-0.037,0.00024372164276744297,0.29002875489325713,False
132,40,bpe_2000,bpe_5000,2000,1406,116,166,312,-0.025,0.0034505799128292606,1.0,False
132,40,bpe_2000,char,2000,1342,180,227,251,-0.0235,0.022483211556111948,1.0,False
132,40,bpe_5000,char,2000,1374,198,195,233,0.0015,0.9196573080642253,1.0,False
132,45,word,bpe_500,2000,1273,231,215,281,0.008,0.4775773969397116,1.0,False
132,45,word,bpe_1000,2000,1264,240,197,299,0.0215,0.04439955927640184,1.0,False
132,45,word,bpe_2000,2000,1298,206,199,297,0.0035,0.7656373086489626,1.0,False
132,45,word,bpe_5000,2000,1349,155,204,292,-0.0245,0.011195119002958527,1.0,False
132,45,word,char,2000,1307,197,252,244,-0.0275,0.010740531779509756,1.0,False
132,45,bpe_500,bpe_1000,2000,1293,195,168,344,0.0135,0.17227955245117443,1.0,False
132,45,bpe_500,bpe_2000,2000,1300,188,197,315,-0.0045,0.6835351737791844,1.0,False
132,45,bpe_500,bpe_5000,2000,1326,162,227,285,-0.0325,0.0011475007026587726,1.0,False
132,45,bpe_500,char,2000,1339,149,220,292,-0.0355,0.0002578917309999253,0.30611748469691136,False
132,45,bpe_1000,bpe_2000,2000,1313,148,184,355,-0.018,0.05458371806429218,1.0,False
132,45,bpe_1000,bpe_5000,2000,1316,145,237,302,-0.046,2.9051943678179862e-06,0.004014978616324457,True
132,45,bpe_1000,char,2000,1302,159,257,282,-0.049,1.7808253927403578e-06,0.0024860322482655396,True
132,45,bpe_2000,bpe_5000,2000,1378,119,175,328,-0.028,0.0012989204399996542,1.0,False
132,45,bpe_2000,char,2000,1318,179,241,262,-0.031,0.002871476018316582,1.0,False
132,45,bpe_5000,char,2000,1355,198,204,243,-0.003,0.8031065567373779,1.0,False
132,50,word,bpe_500,2000,1230,245,229,296,0.008,0.49088065108564133,1.0,False
132,50,word,bpe_1000,2000,1226,249,219,306,0.015,0.18001288363354415,1.0,False
132,50,word,bpe_2000,2000,1265,210,212,313,-0.001,0.9611825901753134,1.0,False
132,50,word,bpe_5000,2000,1314,161,216,309,-0.0275,0.00534762923882409,1.0,False
132,50,word,char,2000,1268,207,275,250,-0.034,0.00224174375766931,1.0,False
132,50,bpe_500,bpe_1000,2000,1263,196,182,359,0.007,0.5037725093442506,1.0,False
132,50,bpe_500,bpe_2000,2000,1272,187,205,336,-0.009,0.39057169770781475,1.0,False
132,50,bpe_500,bpe_5000,2000,1292,167,238,303,-0.0355,0.0004896454522640034,0.561623333746812,False
132,50,bpe_500,char,2000,1307,152,236,305,-0.042,2.346212466853713e-05,0.030688459066446568,True
132,50,bpe_1000,bpe_2000,2000,1289,156,188,367,-0.016,0.09449769413342576,1.0,False
132,50,bpe_1000,bpe_5000,2000,1289,156,241,314,-0.0425,2.327291902276649e-05,0.030464251000801336,True
132,50,bpe_1000,char,2000,1272,173,271,284,-0.049,3.8158178905703296e-06,0.005242933781643633,True
132,50,bpe_2000,bpe_5000,2000,1343,134,187,336,-0.0265,0.0036374500611067646,1.0,False
132,50,bpe_2000,char,2000,1290,187,253,270,-0.033,0.0019102559457192768,1.0,False
132,50,bpe_5000,char,2000,1319,211,224,246,-0.0065,0.5651006898726291,1.0,False
213,0,word,bpe_500,2000,1525,175,96,204,0.0395,1.8386741809696658e-06,0.002563111808271714,True
213,0,word,bpe_1000,2000,1537,163,103,197,0.03,0.000281813217986408,0.3331032236599343,False
213,0,word,bpe_2000,2000,1579,121,93,207,0.014,0.0646865577037599,1.0,False
213,0,word,bpe_5000,2000,1608,92,82,218,0.005,0.49516885828843843,1.0,False
213,0,word,char,2000,1506,194,99,201,0.0475,3.0443727841553584e-08,4.420429282593581e-05,True
213,0,bpe_500,bpe_1000,2000,1508,113,132,247,-0.0095,0.2501017937582842,1.0,False
213,0,bpe_500,bpe_2000,2000,1518,103,154,225,-0.0255,0.0017608289799464962,1.0,False
213,0,bpe_500,bpe_5000,2000,1530,91,160,219,-0.0345,1.5771171236269215e-05,0.02088103071682044,True
213,0,bpe_500,char,2000,1480,141,125,254,0.008,0.35774883281586045,1.0,False
213,0,bpe_1000,bpe_2000,2000,1544,96,128,232,-0.016,0.03809562625227352,1.0,False
213,0,bpe_1000,bpe_5000,2000,1537,103,153,207,-0.025,0.002133691172755748,1.0,False
213,0,bpe_1000,char,2000,1484,156,121,239,0.0175,0.04087252678570337,1.0,False
213,0,bpe_2000,bpe_5000,2000,1595,77,95,233,-0.009,0.19474748306428297,1.0,False
213,0,bpe_2000,char,2000,1500,172,105,223,0.0335,6.790942098787197e-05,0.08509050449780357,False
213,0,bpe_5000,char,2000,1505,185,100,210,0.0425,5.402671058641193e-07,0.0007644779547977289,True
213,5,word,bpe_500,2000,1511,184,97,208,0.0435,2.3381497868844033e-07,0.0003343554195244697,True
213,5,word,bpe_1000,2000,1521,174,103,202,0.0355,2.3628842028853294e-05,0.03083563884765355,True
213,5,word,bpe_2000,2000,1565,130,95,210,0.0175,0.023197506839685394,1.0,False
213,5,word,bpe_5000,2000,1585,110,88,217,0.011,0.13539129748732068,1.0,False
213,5,word,char,2000,1499,196,96,209,0.05,4.922963855251214e-09,7.241679831074536e-06,True
213,5,bpe_500,bpe_1000,2000,1489,119,135,257,-0.008,0.3466296314376465,1.0,False
213,5,bpe_500,bpe_2000,2000,1500,108,160,232,-0.026,0.001784928346697185,1.0,False
213,5,bpe_500,bpe_5000,2000,1511,97,162,230,-0.0325,6.438009235702204e-05,0.0808613960004197,False
213,5,bpe_500,char,2000,1463,145,132,260,0.0065,0.47096806603264874,1.0,False
213,5,bpe_1000,bpe_2000,2000,1523,101,137,239,-0.018,0.02308467136949382,1.0,False
213,5,bpe_1000,bpe_5000,2000,1520,104,153,223,-0.0245,0.0026822288217923976,1.0,False
213,5,bpe_1000,char,2000,1460,164,135,241,0.0145,0.10522916249480495,1.0,False
213,5,bpe_2000,bpe_5000,2000,1576,84,97,243,-0.0065,0.37246482393551344,1.0,False
213,5,bpe_2000,char,2000,1486,174,109,231,0.0325,0.00013356832610612423,0.16308692617557768,False
213,5,bpe_5000,char,2000,1488,185,107,220,0.039,5.855070030917541e-06,0.007962895242047855,True
213,10,word,bpe_500,2000,1493,192,100,215,0.046,7.939921214714325e-08,0.00011457306312832771,True
213,10,word,bpe_1000,2000,1504,181,110,205,0.0355,3.74806891891067e-05,0.04801276285124568,True
213,10,word,bpe_2000,2000,1544,141,93,222,0.024,0.0020571411456051835,1.0,False
213,10,word,bpe_5000,2000,1571,114,94,221,0.01,0.1875708463740632,1.0,False
213,10,word,char,2000,1490,195,104,211,0.0455,1.571486346585066e-07,0.00022535114210029845,True
213,10,bpe_500,bpe_1000,2000,1479,114,135,272,-0.0105,0.2049035922557167,1.0,False
213,10,bpe_500,bpe_2000,2000,1480,113,157,250,-0.022,0.008750220575512809,1.0,False
213,10,bpe_500,bpe_5000,2000,1494,99,171,236,-0.036,1.3921352005993445e-05,0.018501476815965288,True
213,10,bpe_500,char,2000,1458,135,136,271,-0.0005,0.9999999999999996,1.0,False
213,10,bpe_1000,bpe_2000,2000,1503,111,134,252,-0.0115,0.15972595314863017,1.0,False
213,10,bpe_1000,bpe_5000,2000,1501,113,164,222,-0.0255,0.0025992007964870047,1.0,False
213,10,bpe_1000,char,2000,1452,162,142,244,0.01,0.2758102571842294,1.0,False
213,10,bpe_2000,bpe_5000,2000,1549,88,116,247,-0.014,0.058441136475937995,1.0,False
213,10,bpe_2000,char,2000,1470,167,124,239,0.0215,0.013675428712699571,1.0,False
213,10,bpe_5000,char,2000,1479,186,115,220,0.0355,5.0750701766210186e-05,0.06455489264661936,False
213,15,word,bpe_500,2000,1479,189,106,226,0.0415,1.5516172648164612e-06,0.0021707125534782294,True
213,15,word,bpe_1000,2000,1494,174,111,221,0.0315,0.00022762126706219217,0.2720074141393196,False
213,15,word,bpe_2000,2000,1519,149,104,228,0.0225,0.005564762620425195,1.0,False
213,15,word,bpe_5000,2000,1557,111,100,232,0.0055,0.49127428115669636,1.0,False
213,15,word,char,2000,1477,191,115,217,0.038,1.645776357281415e-05,0.021740705679687493,True
213,15,bpe_500,bpe_1000,2000,1464,121,141,274,-0.01,0.24040965773235187,1.0,False
213,15,bpe_500,bpe_2000,2000,1456,129,167,248,-0.019,0.03133544460870507,1.0,False
213,15,bpe_500,bpe_5000,2000,1475,110,182,233,-0.036,2.9841804129917992e-05,0.03867497815237372,True
213,15,bpe_500,char,2000,1441,144,151,264,-0.0035,0.7269043474057011,1.0,False
213,15,bpe_1000,bpe_2000,2000,1483,122,140,255,-0.009,0.2935818879050747,1.0,False
213,15,bpe_1000,bpe_5000,2000,1488,117,169,226,-0.026,0.0025037556184562167,1.0,False
213,15,bpe_1000,char,2000,1444,161,148,247,0.0065,0.49488683006341116,1.0,False
213,15,bpe_2000,bpe_5000,2000,1530,93,127,250,-0.017,0.02586635613503217,1.0,False
213,15,bpe_2000,char,2000,1445,178,147,230,0.0155,0.0959414101547675,1.0,False
213,15,bpe_5000,char,2000,1467,190,125,218,0.0325,0.0002973294213682855,0.34965939952910374,False
213,20,word,bpe_500,2000,1457,188,123,232,0.0325,0.00027144807833814677,0.3216659728307039,False
213,20,word,bpe_1000,2000,1465,180,129,226,0.0255,0.004373428804954258,1.0,False
213,20,word,bpe_2000,2000,1498,147,117,238,0.015,0.07408936428582708,1.0,False
213,20,word,bpe_5000,2000,1529,116,115,240,0.0005,1.0,1.0,False
213,20,word,char,2000,1455,190,131,224,0.0295,0.001173246448052988,1.0,False
213,20,bpe_500,bpe_1000,2000,1445,135,149,271,-0.007,0.4405200804502227,1.0,False
213,20,bpe_500,bpe_2000,2000,1445,135,170,250,-0.0175,0.05137627254723928,1.0,False
213,20,bpe_500,bpe_5000,2000,1454,126,190,230,-0.032,0.00037799559890748876,0.43923088593050197,False
213,20,bpe_500,char,2000,1434,146,152,268,-0.003,0.7721470335397937,1.0,False
213,20,bpe_1000,bpe_2000,2000,1469,125,146,260,-0.0105,0.22433178897879913,1.0,False
213,20,bpe_1000,bpe_5000,2000,1467,127,177,229,-0.025,0.0048670212377389475,1.0,False
213,20,bpe_1000,char,2000,1431,163,155,251,0.004,0.6947235158086016,1.0,False
213,20,bpe_2000,bpe_5000,2000,1513,102,131,254,-0.0145,0.06637279449812866,1.0,False
213,20,bpe_2000,char,2000,1437,178,149,236,0.0145,0.12139251480656724,1.0,False
213,20,bpe_5000,char,2000,1447,197,139,217,0.029,0.0018309817767898672,1.0,False
213,25,word,bpe_500,2000,1438,196,134,232,0.031,0.0007605644558425234,0.8503110616319411,False
213,25,word,bpe_1000,2000,1429,205,137,229,0.034,0.0002792772029147014,0.33038493104809175,False
213,25,word,bpe_2000,2000,1482,152,130,236,0.011,0.2110297322909895,1.0,False
213,25,word,bpe_5000,2000,1509,125,118,248,0.0035,0.700395267808878,1.0,False
213,25,word,char,2000,1441,193,136,230,0.0285,0.001973964970892148,1.0,False
213,25,bpe_500,bpe_1000,2000,1415,157,151,277,0.003,0.7757741925968784,1.0,False
213,25,bpe_500,bpe_2000,2000,1430,142,182,246,-0.02,0.03010282600102236,1.0,False
213,25,bpe_500,bpe_5000,2000,1430,142,197,231,-0.0275,0.00329902867573993,1.0,False
213,25,bpe_500,char,2000,1419,153,158,270,-0.0025,0.8206093886264664,1.0,False
213,25,bpe_1000,bpe_2000,2000,1447,119,165,269,-0.023,0.007470602525683738,1.0,False
213,25,bpe_1000,bpe_5000,2000,1431,135,196,238,-0.0305,0.000945718186005133,1.0,False
213,25,bpe_1000,char,2000,1402,164,175,259,-0.0055,0.5871086354741717,1.0,False
213,25,bpe_2000,bpe_5000,2000,1498,114,129,259,-0.0075,0.36916470647188937,1.0,False
213,25,bpe_2000,char,2000,1430,182,147,241,0.0175,0.06069960407205669,1.0,False
213,25,bpe_5000,char,2000,1434,193,143,230,0.025,0.007422389087167441,1.0,False
213,30,word,bpe_500,2000,1426,198,143,233,0.0275,0.0033927991776903465,1.0,False
213,30,word,bpe_1000,2000,1404,220,147,229,0.0365,0.0001634249507021339,0.19823446520168841,False
213,30,word,bpe_2000,2000,1451,173,142,234,0.0155,0.0908100381630628,1.0,False
213,30,word,bpe_5000,2000,1496,128,123,253,0.0025,0.8007328267720524,1.0,False
213,30,word,char,2000,1414,210,149,227,0.0305,0.0015067414599723972,1.0,False
213,30,bpe_500,bpe_1000,2000,1410,159,141,290,0.009,0.326353991925047,1.0,False
213,30,bpe_500,bpe_2000,2000,1408,161,185,246,-0.012,0.21621914573635612,1.0,False
213,30,bpe_500,bpe_5000,2000,1419,150,200,231,-0.025,0.008720036530555947,1.0,False
213,30,bpe_500,char,2000,1409,160,154,277,0.003,0.7778690890699163,1.0,False
213,30,bpe_1000,bpe_2000,2000,1411,140,182,267,-0.021,0.022175432350896567,1.0,False
213,30,bpe_1000,bpe_5000,2000,1409,142,210,239,-0.034,0.0003420458223504417,0.3998515663276664,False
213,30,bpe_1000,char,2000,1372,179,191,258,-0.006,0.5674740213663279,1.0,False
213,30,bpe_2000,bpe_5000,2000,1475,118,144,263,-0.013,0.1223013067176929,1.0,False
213,30,bpe_2000,char,2000,1399,194,164,243,0.015,0.1252317641330724,1.0,False
213,30,bpe_5000,char,2000,1412,207,151,230,0.028,0.0035921058085792634,1.0,False
213,35,word,bpe_500,2000,1391,215,148,246,0.0335,0.0005147618770812146,0.5894023492579907,False
213,35,word,bpe_1000,2000,1367,239,156,238,0.0415,3.47250748616037e-05,0.04469117134688397,True
213,35,word,bpe_2000,2000,1415,191,145,249,0.023,0.013970130418761483,1.0,False
213,35,word,bpe_5000,2000,1475,131,124,270,0.0035,0.7071931573198751,1.0,False
213,35,word,char,2000,1400,206,157,237,0.0245,0.011653796106786662,1.0,False
213,35,bpe_500,bpe_1000,2000,1369,170,154,307,0.008,0.4046942164023826,1.0,False
213,35,bpe_500,bpe_2000,2000,1368,171,192,269,-0.0105,0.29383238107183113,1.0,False
213,35,bpe_500,bpe_5000,2000,1386,153,213,248,-0.03,0.002001487273996655,1.0,False
213,35,bpe_500,char,2000,1384,155,173,288,-0.009,0.3479163117884294,1.0,False
213,35,bpe_1000,bpe_2000,2000,1363,160,197,280,-0.0185,0.05658602421213112,1.0,False
213,35,bpe_1000,bpe_5000,2000,1375,148,224,253,-0.038,9.577493308668155e-05,0.11876091702748512,False
213,35,bpe_1000,char,2000,1348,175,209,268,-0.017,0.0920472561978161,1.0,False
213,35,bpe_2000,bpe_5000,2000,1439,121,160,280,-0.0195,0.023226470695422118,1.0,False
213,35,bpe_2000,char,2000,1371,189,186,254,0.0015,0.9177591906999464,1.0,False
213,35,bpe_5000,char,2000,1397,202,160,241,0.021,0.03102695482535597,1.0,False
213,40,word,bpe_500,2000,1360,231,168,241,0.0315,0.001873864694974724,1.0,False
213,40,word,bpe_1000,2000,1343,248,158,251,0.045,9.246817829952129e-06,0.012409229527795758,True
213,40,word,bpe_2000,2000,1386,205,154,255,0.0255,0.008227777779499736,1.0,False
213,40,word,bpe_5000,2000,1431,160,131,278,0.0145,0.10055140621221006,1.0,False
213,40,word,char,2000,1380,211,162,247,0.0245,0.01283783125597039,1.0,False
213,40,bpe_500,bpe_1000,2000,1346,182,155,317,0.0135,0.15658174935774,1.0,False
213,40,bpe_500,bpe_2000,2000,1335,193,205,267,-0.006,0.5814284469308009,1.0,False
213,40,bpe_500,bpe_5000,2000,1350,178,212,260,-0.017,0.09459127467091755,1.0,False
213,40,bpe_500,char,2000,1355,173,187,285,-0.007,0.49329636078093153,1.0,False
213,40,bpe_1000,bpe_2000,2000,1334,167,206,293,-0.0195,0.04897247942128968,1.0,False
213,40,bpe_1000,bpe_5000,2000,1330,171,232,267,-0.0305,0.002755674471714646,1.0,False
213,40,bpe_1000,char,2000,1316,185,226,273,-0.0205,0.04835731873337506,1.0,False
213,40,bpe_2000,bpe_5000,2000,1399,141,163,297,-0.011,0.2283653685840051,1.0,False
213,40,bpe_2000,char,2000,1341,199,201,259,-0.001,0.9601306980362065,1.0,False
213,40,bpe_5000,char,2000,1356,206,186,252,0.01,0.33724242748779415,1.0,False
213,45,word,bpe_500,2000,1308,242,193,257,0.0245,0.021260526605716583,1.0,False
213,45,word,bpe_1000,2000,1304,246,184,266,0.031,0.003218335921593938,1.0,False
213,45,word,bpe_2000,2000,1340,210,172,278,0.019,0.05820453730888951,1.0,False
213,45,word,bpe_5000,2000,1369,181,166,284,0.0075,0.4523637812733709,1.0,False
213,45,word,char,2000,1345,205,185,265,0.01,0.33600620105966805,1.0,False
213,45,bpe_500,bpe_1000,2000,1314,187,174,325,0.0065,0.5277197154229939,1.0,False
213,45,bpe_500,bpe_2000,2000,1301,200,211,288,-0.0055,0.6218800460354725,1.0,False
213,45,bpe_500,bpe_5000,2000,1309,192,226,273,-0.017,0.10639742809558088,1.0,False
213,45,bpe_500,char,2000,1329,172,201,298,-0.0145,0.14701902188585886,1.0,False
213,45,bpe_1000,bpe_2000,2000,1312,176,200,312,-0.012,0.23552726835939486,1.0,False
213,45,bpe_1000,bpe_5000,2000,1293,195,242,270,-0.0235,0.027658508659852497,1.0,False
213,45,bpe_1000,char,2000,1299,189,231,281,-0.021,0.04530730787283249,1.0,False
213,45,bpe_2000,bpe_5000,2000,1356,156,179,309,-0.0115,0.22931685161522886,1.0,False
213,45,bpe_2000,char,2000,1318,194,212,276,-0.009,0.3988676269203964,1.0,False
213,45,bpe_5000,char,2000,1322,213,208,257,0.0025,0.8454627646602132,1.0,False
213,50,word,bpe_500,2000,1266,256,207,271,0.0245,0.02559176522176893,1.0,False
213,50,word,bpe_1000,2000,1264,258,207,271,0.0255,0.020312769384851923,1.0,False
213,50,word,bpe_2000,2000,1289,233,190,288,0.0215,0.04101395166462885,1.0,False
213,50,word,bpe_5000,2000,1324,198,181,297,0.0085,0.4111876195115816,1.0,False
213,50,word,char,2000,1301,221,216,262,0.0025,0.8482821964113771,1.0,False
213,50,bpe_500,bpe_1000,2000,1278,195,193,334,0.001,0.9595196396307418,1.0,False
213,50,bpe_500,bpe_2000,2000,1257,216,222,305,-0.003,0.8112093105223956,1.0,False
213,50,bpe_500,bpe_5000,2000,1266,207,239,288,-0.016,0.1420474382689315,1.0,False
213,50,bpe_500,char,2000,1297,176,220,307,-0.022,0.03057920510235349,1.0,False
213,50,bpe_1000,bpe_2000,2000,1277,194,202,327,-0.004,0.7250646855195406,1.0,False
213,50,bpe_1000,bpe_5000,2000,1268,203,237,292,-0.017,0.11556771919023016,1.0,False
213,50,bpe_1000,char,2000,1267,204,250,279,-0.023,0.03457509268189438,1.0,False
213,50,bpe_2000,bpe_5000,2000,1321,158,184,337,-0.013,0.17633785383846798,1.0,False
213,50,bpe_2000,char,2000,1283,196,234,287,-0.019,0.07425243854986163,1.0,False
213,50,bpe_5000,char,2000,1279,226,238,257,-0.006,0.6096353121154879,1.0,False
231,0,word,bpe_500,2000,1521,198,100,181,0.049,1.4359593978852217e-08,2.1008085991060792e-05,True
231,0,word,bpe_1000,2000,1522,197,98,183,0.0495,8.471830266439704e-09,1.2436646831133486e-05,True
231,0,word,bpe_2000,2000,1579,140,91,190,0.0245,0.0015319977195994486,1.0,False
231,0,word,bpe_5000,2000,1612,107,71,210,0.018,0.008521348883262017,1.0,False
231,0,word,char,2000,1534,185,93,188,0.046,3.6532329514411144e-08,5.2935345466381746e-05,True
231,0,bpe_500,bpe_1000,2000,1501,120,119,260,0.0005,0.9999999999999993,1.0,False
231,0,bpe_500,bpe_2000,2000,1517,104,153,226,-0.0245,0.0026822288217923976,1.0,False
231,0,bpe_500,bpe_5000,2000,1509,112,174,205,-0.031,0.00029478534315783287,0.34755191958308496,False
231,0,bpe_500,char,2000,1494,127,133,246,-0.003,0.7565636522688661,1.0,False
231,0,bpe_1000,bpe_2000,2000,1539,81,131,249,-0.025,0.000726808442810367,0.8162058812760422,False
231,0,bpe_1000,bpe_5000,2000,1518,102,165,215,-0.0315,0.000138674414668381,0.16918278589542482,False
231,0,bpe_1000,char,2000,1479,141,148,232,-0.0035,0.7241997172686476,1.0,False
231,0,bpe_2000,bpe_5000,2000,1582,88,101,229,-0.0065,0.3827845942503983,1.0,False
231,0,bpe_2000,char,2000,1514,156,113,217,0.0215,0.01031070696397381,1.0,False
231,0,bpe_5000,char,2000,1517,166,110,207,0.028,0.0008978837697569354,0.9966509844301983,False
231,5,word,bpe_500,2000,1515,197,95,193,0.051,2.3659347604673145e-09,3.4826559674078868e-06,True
231,5,word,bpe_1000,2000,1518,194,87,201,0.0535,1.5477634626343707e-10,2.2968809785494063e-07,True
231,5,word,bpe_2000,2000,1569,143,86,202,0.0285,0.00020075984133405297,0.24171484896619977,False
231,5,word,bpe_5000,2000,1591,121,74,214,0.0235,0.000938707509567742,1.0,False
231,5,word,char,2000,1525,187,93,195,0.047,2.030978107980399e-08,2.9652280376513825e-05,True
231,5,bpe_500,bpe_1000,2000,1486,124,119,271,0.0025,0.7975513494467007,1.0,False
231,5,bpe_500,bpe_2000,2000,1497,113,158,232,-0.0225,0.007408401069511206,1.0,False
231,5,bpe_500,bpe_5000,2000,1493,117,172,218,-0.0275,0.0014480309032333853,1.0,False
231,5,bpe_500,char,2000,1478,132,140,250,-0.004,0.6713251353712301,1.0,False
231,5,bpe_1000,bpe_2000,2000,1517,88,138,257,-0.025,0.0010709327376608102,1.0,False
231,5,bpe_1000,bpe_5000,2000,1498,107,167,228,-0.03,0.00034726142322545676,0.405254080904108,False
231,5,bpe_1000,char,2000,1455,150,163,232,-0.0065,0.49765645763105715,1.0,False
231,5,bpe_2000,bpe_5000,2000,1557,98,108,237,-0.005,0.5307221711313294,1.0,False
231,5,bpe_2000,char,2000,1493,162,125,220,0.0185,0.033404092697674845,1.0,False
231,5,bpe_5000,char,2000,1500,165,118,217,0.0235,0.006149903209499359,1.0,False
231,10,word,bpe_500,2000,1491,201,108,200,0.0465,1.3479989284825865e-07,0.00019370744602294768,True
231,10,word,bpe_1000,2000,1491,201,102,206,0.0495,1.3518347121246494e-08,1.9790860185504865e-05,True
231,10,word,bpe_2000,2000,1538,154,97,211,0.0285,0.000387542731342357,0.44877448289444943,False
231,10,word,bpe_5000,2000,1567,125,87,221,0.019,0.010875332632116538,1.0,False
231,10,word,char,2000,1501,191,108,200,0.0415,1.8296279631204935e-06,0.0025523310085530885,True
231,10,bpe_500,bpe_1000,2000,1466,133,127,274,0.003,0.7565636522688661,1.0,False
231,10,bpe_500,bpe_2000,2000,1480,119,155,246,-0.018,0.03428783117316077,1.0,False
231,10,bpe_500,bpe_5000,2000,1476,123,178,223,-0.0275,0.0018080089980988614,1.0,False
231,10,bpe_500,char,2000,1468,131,141,260,-0.005,0.5853499610587792,1.0,False
231,10,bpe_1000,bpe_2000,2000,1494,99,141,266,-0.021,0.007998990039539768,1.0,False
231,10,bpe_1000,bpe_5000,2000,1476,117,178,229,-0.0305,0.00045736512417472557,0.5259698928009344,False
231,10,bpe_1000,char,2000,1440,153,169,238,-0.008,0.403238619017797,1.0,False
231,10,bpe_2000,bpe_5000,2000,1535,100,119,246,-0.0095,0.22377658364650524,1.0,False
231,10,bpe_2000,char,2000,1476,159,133,232,0.013,0.1433333258808899,1.0,False
231,10,bpe_5000,char,2000,1484,170,125,221,0.0225,0.010292762452617425,1.0,False
231,15,word,bpe_500,2000,1482,203,109,206,0.047,1.1333634230874463e-07,0.00016297766023997477,True
231,15,word,bpe_1000,2000,1474,211,102,213,0.0545,6.996824398009984e-10,1.0355300109054775e-06,True
231,15,word,bpe_2000,2000,1514,171,96,219,0.0375,5.186506056027467e-06,0.00706402124830941,True
231,15,word,bpe_5000,2000,1542,143,93,222,0.025,0.0013736901704125182,1.0,False
231,15,word,char,2000,1491,194,113,202,0.0405,4.409921792141404e-06,0.006028363089857299,True
231,15,bpe_500,bpe_1000,2000,1455,136,121,288,0.0075,0.3825392214800503,1.0,False
231,15,bpe_500,bpe_2000,2000,1451,140,159,250,-0.0095,0.29788022993620406,1.0,False
231,15,bpe_500,bpe_5000,2000,1452,139,183,226,-0.022,0.016428477387273654,1.0,False
231,15,bpe_500,char,2000,1455,136,149,260,-0.0065,0.47726100659631343,1.0,False
231,15,bpe_1000,bpe_2000,2000,1454,122,156,268,-0.017,0.04759732679652505,1.0,False
231,15,bpe_1000,bpe_5000,2000,1445,131,190,234,-0.0295,0.001173246448052988,1.0,False
231,15,bpe_1000,char,2000,1423,153,181,243,-0.014,0.139458657047449,1.0,False
231,15,bpe_2000,bpe_5000,2000,1498,112,137,253,-0.0125,0.12810769295950206,1.0,False
231,15,bpe_2000,char,2000,1450,160,154,236,0.003,0.7778690890699163,1.0,False
231,15,bpe_5000,char,2000,1458,177,146,219,0.0155,0.09491641241975828,1.0,False
231,20,word,bpe_500,2000,1474,197,119,210,0.039,1.346999575308918e-05,0.01791509435160861,True
231,20,word,bpe_1000,2000,1442,229,115,214,0.057,7.843709460196842e-10,1.1600846291631129e-06,True
231,20,word,bpe_2000,2000,1509,162,98,231,0.032,8.660439696144757e-05,0.10790907861396368,False
231,20,word,bpe_5000,2000,1530,141,99,230,0.021,0.007998990039539768,1.0,False
231,20,word,char,2000,1475,196,122,207,0.037,3.941686653421644e-05,0.050414172297262826,False
231,20,bpe_500,bpe_1000,2000,1438,155,119,288,0.018,0.03428783117316077,1.0,False
231,20,bpe_500,bpe_2000,2000,1451,142,156,251,-0.007,0.4514633751759353,1.0,False
231,20,bpe_500,bpe_5000,2000,1449,144,180,227,-0.018,0.051674015664153,1.0,False
231,20,bpe_500,char,2000,1447,146,150,257,-0.002,0.8616111353233318,1.0,False
231,20,bpe_1000,bpe_2000,2000,1438,119,169,274,-0.025,0.003809189023554528,1.0,False
231,20,bpe_1000,bpe_5000,2000,1423,134,206,237,-0.036,0.00011164846039089401,0.13755090320158142,False
231,20,bpe_1000,char,2000,1397,160,200,243,-0.02,0.03968427883649793,1.0,False
231,20,bpe_2000,bpe_5000,2000,1491,116,138,255,-0.011,0.18751229338805284,1.0,False
231,20,bpe_2000,char,2000,1437,170,160,233,0.005,0.6203610292534627,1.0,False
231,20,bpe_5000,char,2000,1442,187,155,216,0.016,0.0935369704942524,1.0,False
231,25,word,bpe_500,2000,1451,209,127,213,0.041,9.010272317434195e-06,0.012109805994631559,True
231,25,word,bpe_1000,2000,1424,236,115,225,0.0605,9.883399218252251e-11,1.4676847839104594e-07,True
231,25,word,bpe_2000,2000,1488,172,96,244,0.038,4.013760945606313e-06,0.005502866256426255,True
231,25,word,bpe_5000,2000,1506,154,99,241,0.0275,0.0006570091756164077,0.7424203684465407,False
231,25,word,char,2000,1457,203,133,207,0.035,0.00015889153348173335,0.1928943216468243,False
231,25,bpe_500,bpe_1000,2000,1405,173,134,288,0.0195,0.029933796771566934,1.0,False
231,25,bpe_500,bpe_2000,2000,1422,156,162,260,-0.003,0.7792335080226428,1.0,False
231,25,bpe_500,bpe_5000,2000,1413,165,192,230,-0.0135,0.16871255258784065,1.0,False
231,25,bpe_500,char,2000,1428,150,162,260,-0.006,0.5335147017233851,1.0,False
231,25,bpe_1000,bpe_2000,2000,1414,125,170,291,-0.0225,0.010292762452617425,1.0,False
231,25,bpe_1000,bpe_5000,2000,1386,153,219,242,-0.033,0.0007301527314876417,0.8192313647291339,False
231,25,bpe_1000,char,2000,1379,160,211,250,-0.0255,0.009343104484885754,1.0,False
231,25,bpe_2000,bpe_5000,2000,1455,129,150,266,-0.0105,0.231102975900432,1.0,False
231,25,bpe_2000,char,2000,1415,169,175,241,-0.003,0.7875287070799192,1.0,False
231,25,bpe_5000,char,2000,1423,182,167,228,0.0075,0.4536621676763873,1.0,False
231,30,word,bpe_500,2000,1420,221,140,219,0.0405,2.3674199768724665e-05,0.030871156498416964,True
231,30,word,bpe_1000,2000,1396,245,137,222,0.054,3.5839048990957394e-08,5.196662103688822e-05,True
231,30,word,bpe_2000,2000,1453,188,115,244,0.0365,3.2528486041952194e-05,0.04196174699411833,True
231,30,word,bpe_5000,2000,1474,167,120,239,0.0235,0.006521009350412121,1.0,False
231,30,word,char,2000,1438,203,144,215,0.0295,0.0018074673232180685,1.0,False
231,30,bpe_500,bpe_1000,2000,1383,177,150,290,0.0135,0.15037903893147322,1.0,False
231,30,bpe_500,bpe_2000,2000,1395,165,173,267,-0.004,0.7034487718728507,1.0,False
231,30,bpe_500,bpe_5000,2000,1392,168,202,238,-0.017,0.0860997945339988,1.0,False
231,30,bpe_500,char,2000,1412,148,170,270,-0.011,0.2389003324185938,1.0,False
231,30,bpe_1000,bpe_2000,2000,1394,139,174,293,-0.0175,0.05445795808534774,1.0,False
231,30,bpe_1000,bpe_5000,2000,1368,165,226,241,-0.0305,0.0023682737846317144,1.0,False
231,30,bpe_1000,char,2000,1368,165,214,253,-0.0245,0.013573262940612254,1.0,False
231,30,bpe_2000,bpe_5000,2000,1430,138,164,268,-0.013,0.1501470061555612,1.0,False
231,30,bpe_2000,char,2000,1397,171,185,247,-0.007,0.49087786440761355,1.0,False
231,30,bpe_5000,char,2000,1407,187,175,231,0.006,0.5632249469252358,1.0,False
231,35,word,bpe_500,2000,1395,226,159,220,0.0335,0.0007482487837928992,0.838038637848047,False
231,35,word,bpe_1000,2000,1342,279,150,229,0.0645,4.783501334358845e-10,7.084365476185449e-07,True
231,35,word,bpe_2000,2000,1405,216,131,248,0.0425,5.877437595040813e-06,0.007981560254065425,True
231,35,word,bpe_5000,2000,1439,182,126,253,0.028,0.0016809513532388828,1.0,False
231,35,word,char,2000,1415,206,153,226,0.0265,0.005984178317860165,1.0,False
231,35,bpe_500,bpe_1000,2000,1351,203,141,305,0.031,0.00097789517806175,1.0,False
231,35,bpe_500,bpe_2000,2000,1366,188,170,276,0.009,0.3689527238500436,1.0,False
231,35,bpe_500,bpe_5000,2000,1360,194,205,241,-0.0055,0.6166896621432069,1.0,False
231,35,bpe_500,char,2000,1397,157,171,275,-0.007,0.4729325956226669,1.0,False
231,35,bpe_1000,bpe_2000,2000,1345,147,191,317,-0.022,0.019207284926500947,1.0,False
231,35,bpe_1000,bpe_5000,2000,1315,177,250,258,-0.0365,0.0004794573394890439,0.5504170257334224,False
231,35,bpe_1000,char,2000,1324,168,244,264,-0.038,0.00021176141478069648,0.2543254591516165,False
231,35,bpe_2000,bpe_5000,2000,1390,146,175,289,-0.0145,0.11796019377761736,1.0,False
231,35,bpe_2000,char,2000,1364,172,204,260,-0.016,0.10976406436342157,1.0,False
231,35,bpe_5000,char,2000,1369,196,199,236,-0.0015,0.91986019364992,1.0,False
231,40,word,bpe_500,2000,1351,243,178,228,0.0325,0.0017804486818214754,1.0,False
231,40,word,bpe_1000,2000,1309,285,158,248,0.0635,1.6716864809495408e-09,2.464065872919623e-06,True
231,40,word,bpe_2000,2000,1364,230,144,262,0.043,1.0169923231897526e-05,0.013627697130742685,True
231,40,word,bpe_5000,2000,1388,206,136,270,0.035,0.00018182502517752352,0.22000828046480345,False
231,40,word,char,2000,1382,212,178,228,0.017,0.09459127467091755,1.0,False
231,40,bpe_500,bpe_1000,2000,1317,212,150,321,0.031,0.00131352824764186,1.0,False
231,40,bpe_500,bpe_2000,2000,1324,205,184,287,0.0105,0.310560957494514,1.0,False
231,40,bpe_500,bpe_5000,2000,1312,217,212,259,0.0025,0.8468919457990532,1.0,False
231,40,bpe_500,char,2000,1372,157,188,283,-0.0155,0.10614323590796267,1.0,False
231,40,bpe_1000,bpe_2000,2000,1309,158,199,334,-0.0205,0.0341114593299598,1.0,False
231,40,bpe_1000,bpe_5000,2000,1270,197,254,279,-0.0285,0.008294192258308167,1.0,False
231,40,bpe_1000,char,2000,1304,163,256,277,-0.0465,6.4230178957836075e-06,0.008709612266682572,True
231,40,bpe_2000,bpe_5000,2000,1339,169,185,307,-0.008,0.42535122801453085,1.0,False
231,40,bpe_2000,char,2000,1343,165,217,275,-0.026,0.008982641481705458,1.0,False
231,40,bpe_5000,char,2000,1333,191,227,249,-0.018,0.08679247748205998,1.0,False
231,45,word,bpe_500,2000,1323,245,197,235,0.024,0.025269802282505433,1.0,False
231,45,word,bpe_1000,2000,1268,300,174,258,0.063,7.716150279272842e-09,1.1335024760251804e-05,True
231,45,word,bpe_2000,2000,1314,254,150,282,0.052,2.5801147061396225e-07,0.0003684403800367381,True
231,45,word,bpe_5000,2000,1350,218,162,270,0.028,0.004716577048463178,1.0,False
231,45,word,char,2000,1365,203,197,235,0.003,0.8026252540927463,1.0,False
231,45,bpe_500,bpe_1000,2000,1293,227,149,331,0.039,6.77162651541476e-05,0.08491619650330108,False
231,45,bpe_500,bpe_2000,2000,1276,244,188,292,0.028,0.00806658791804481,1.0,False
231,45,bpe_500,bpe_5000,2000,1296,224,216,264,0.004,0.7386395070786402,1.0,False
231,45,bpe_500,char,2000,1359,161,203,277,-0.021,0.0314942825279681,1.0,False
231,45,bpe_1000,bpe_2000,2000,1263,179,201,357,-0.011,0.2813398145772227,1.0,False
231,45,bpe_1000,bpe_5000,2000,1242,200,270,288,-0.035,0.0014329781696860058,1.0,False
231,45,bpe_1000,char,2000,1287,155,275,283,-0.06,7.685011862033845e-09,1.1296967437189752e-05,True
231,45,bpe_2000,bpe_5000,2000,1291,173,221,315,-0.024,0.017781171406664416,1.0,False
231,45,bpe_2000,char,2000,1302,162,260,276,-0.049,2.1147956558864446e-06,0.0029416807573380446,True
231,45,bpe_5000,char,2000,1324,188,238,250,-0.025,0.017491016367416953,1.0,False
231,50,word,bpe_500,2000,1268,266,215,251,0.0255,0.022520798489735844,1.0,False
231,50,word,bpe_1000,2000,1248,286,191,275,0.0475,1.5792831774549198e-05,0.020893916437728588,True
231,50,word,bpe_2000,2000,1268,266,174,292,0.046,1.3420875018273932e-05,0.017863184649322603,True
231,50,word,bpe_5000,2000,1305,229,172,294,0.0285,0.005102389057330639,1.0,False
231,50,word,char,2000,1323,211,212,254,-0.0005,0.9999999999999996,1.0,False
231,50,bpe_500,bpe_1000,2000,1259,224,180,337,0.022,0.032280989904437604,1.0,False
231,50,bpe_500,bpe_2000,2000,1243,240,199,318,0.0205,0.0561259646324333,1.0,False
231,50,bpe_500,bpe_5000,2000,1241,242,236,281,0.003,0.8191356953071659,1.0,False
231,50,bpe_500,char,2000,1311,172,224,293,-0.026,0.010291839654278427,1.0,False
231,50,bpe_1000,bpe_2000,2000,1251,188,191,370,-0.0015,0.918192609612784,1.0,False
231,50,bpe_1000,bpe_5000,2000,1221,218,256,305,-0.019,0.08912509471268658,1.0,False
231,50,bpe_1000,char,2000,1269,170,266,295,-0.048,4.945030808108252e-06,0.006745022022259655,True
231,50,bpe_2000,bpe_5000,2000,1257,185,220,338,-0.0175,0.09100520832700507,1.0,False
231,50,bpe_2000,char,2000,1269,173,266,292,-0.0465,1.0510069868756205e-05,0.014062473484395802,True
231,50,bpe_5000,char,2000,1278,199,257,266,-0.029,0.007533918333481487,1.0,False
321,0,word,bpe_500,2000,1535,164,93,208,0.0355,1.119148005609929e-05,0.014940625874892552,True
321,0,word,bpe_1000,2000,1537,162,94,207,0.034,2.5467425979239494e-05,0.03313312119899058,True
321,0,word,bpe_2000,2000,1566,133,73,228,0.03,3.503786602397073e-05,0.045058695706826364,True
321,0,word,bpe_5000,2000,1611,88,71,230,0.0085,0.20433958933821778,1.0,False
321,0,word,char,2000,1522,177,98,203,0.0395,2.1948993780205135e-06,0.003048715236070493,True
321,0,bpe_500,bpe_1000,2000,1508,120,123,249,-0.0015,0.8979459671391152,1.0,False
321,0,bpe_500,bpe_2000,2000,1514,114,125,247,-0.0055,0.5178172686986392,1.0,False
321,0,bpe_500,bpe_5000,2000,1540,88,142,230,-0.027,0.0004494692464447635,0.5182380411508123,False
321,0,bpe_500,char,2000,1501,127,119,253,0.004,0.655465977611477,1.0,False
321,0,bpe_1000,bpe_2000,2000,1525,106,114,255,-0.004,0.6370697150887971,1.0,False
321,0,bpe_1000,bpe_5000,2000,1530,101,152,217,-0.0255,0.0016171293221001859,1.0,False
321,0,bpe_1000,char,2000,1483,148,137,232,0.0055,0.5536928602578847,1.0,False
321,0,bpe_2000,bpe_5000,2000,1580,59,102,259,-0.0215,0.0008761261354923654,0.9742522626675104,False
321,0,bpe_2000,char,2000,1485,154,135,226,0.0095,0.2896639099747188,1.0,False
321,0,bpe_5000,char,2000,1516,166,104,214,0.031,0.00019357054249656,0.23383321533584447,False
321,5,word,bpe_500,2000,1529,158,94,219,0.032,6.651055183826202e-05,0.08347074255701883,False
321,5,word,bpe_1000,2000,1518,169,100,213,0.0345,3.081978741004472e-05,0.03988080490859787,True
321,5,word,bpe_2000,2000,1574,113,77,236,0.018,0.01091824238405191,1.0,False
321,5,word,bpe_5000,2000,1594,93,71,242,0.011,0.10074873032394102,1.0,False
321,5,word,char,2000,1508,179,101,212,0.039,3.655849349637852e-06,0.005030448705101684,True
321,5,bpe_500,bpe_1000,2000,1492,131,126,251,0.0025,0.8030229037909529,1.0,False
321,5,bpe_500,bpe_2000,2000,1514,109,137,240,-0.014,0.08496006537051691,1.0,False
321,5,bpe_500,bpe_5000,2000,1527,96,138,239,-0.021,0.007226549188423531,1.0,False
321,5,bpe_500,char,2000,1494,129,115,262,0.007,0.4053238859067225,1.0,False
321,5,bpe_1000,bpe_2000,2000,1518,100,133,249,-0.0165,0.03582134518180868,1.0,False
321,5,bpe_1000,bpe_5000,2000,1511,107,154,228,-0.0235,0.004319137524752693,1.0,False
321,5,bpe_1000,char,2000,1461,157,148,234,0.0045,0.6469674034701244,1.0,False
321,5,bpe_2000,bpe_5000,2000,1576,75,89,260,-0.007,0.3100385628034406,1.0,False
321,5,bpe_2000,char,2000,1488,163,121,228,0.021,0.014832682598133433,1.0,False
321,5,bpe_5000,char,2000,1498,167,111,224,0.028,0.0009376668035214268,1.0,False
321,10,word,bpe_500,2000,1508,165,101,226,0.032,0.00010446722965270358,0.1290170286210889,False
321,10,word,bpe_1000,2000,1499,174,112,215,0.031,0.00029478534315783287,0.34755191958308496,False
321,10,word,bpe_2000,2000,1548,125,85,242,0.02,0.006975663033685333,1.0,False
321,10,word,bpe_5000,2000,1577,96,82,245,0.007,0.3298754764930281,1.0,False
321,10,word,char,2000,1492,181,116,211,0.0325,0.000193608666176545,0.23383321533584447,False
321,10,bpe_500,bpe_1000,2000,1476,133,135,256,-0.001,0.9513068870401614,1.0,False
321,10,bpe_500,bpe_2000,2000,1490,119,143,248,-0.012,0.15519918039132666,1.0,False
321,10,bpe_500,bpe_5000,2000,1514,95,145,246,-0.025,0.0015088543665791082,1.0,False
321,10,bpe_500,char,2000,1483,126,125,266,0.0005,1.0,1.0,False
321,10,bpe_1000,bpe_2000,2000,1502,109,131,258,-0.011,0.1751191862977773,1.0,False
321,10,bpe_1000,bpe_5000,2000,1509,102,150,239,-0.024,0.0029933483462966583,1.0,False
321,10,bpe_1000,char,2000,1450,161,158,231,0.0015,0.9108634592108216,1.0,False
321,10,bpe_2000,bpe_5000,2000,1558,75,101,266,-0.013,0.059196151400624855,1.0,False
321,10,bpe_2000,char,2000,1477,156,131,236,0.0125,0.15645697642573433,1.0,False
321,10,bpe_5000,char,2000,1492,167,116,225,0.0255,0.0028907316804910083,1.0,False
321,15,word,bpe_500,2000,1496,171,110,223,0.0305,0.0003280896964590346,0.38484921394644755,False
321,15,word,bpe_1000,2000,1481,186,119,214,0.0335,0.00014877801098793364,0.18076528335033937,False
321,15,word,bpe_2000,2000,1524,143,92,241,0.0255,0.0010642277828012074,1.0,False
321,15,word,bpe_5000,2000,1557,110,87,246,0.0115,0.11678744024535506,1.0,False
321,15,word,char,2000,1487,180,114,219,0.033,0.00014151604569169162,0.1725080596981721,False
321,15,bpe_500,bpe_1000,2000,1456,150,144,250,0.003,0.7706460868062113,1.0,False
321,15,bpe_500,bpe_2000,2000,1472,134,144,250,-0.005,0.589425585990916,1.0,False
321,15,bpe_500,bpe_5000,2000,1492,114,152,242,-0.019,0.023111821793244478,1.0,False
321,15,bpe_500,char,2000,1471,135,130,264,0.0025,0.8059570329989922,1.0,False
321,15,bpe_1000,bpe_2000,2000,1469,131,147,253,-0.008,0.36833983153989036,1.0,False
321,15,bpe_1000,bpe_5000,2000,1484,116,160,240,-0.022,0.009520163812781625,1.0,False
321,15,bpe_1000,char,2000,1430,170,171,229,-0.0005,1.0,1.0,False
321,15,bpe_2000,bpe_5000,2000,1528,88,116,268,-0.014,0.058441136475937995,1.0,False
321,15,bpe_2000,char,2000,1455,161,146,238,0.0075,0.4243235946200038,1.0,False
321,15,bpe_5000,char,2000,1474,170,127,229,0.0215,0.014667449113253609,1.0,False
321,20,word,bpe_500,2000,1479,172,115,234,0.0285,0.0009156590883409375,1.0,False
321,20,word,bpe_1000,2000,1460,191,121,228,0.035,8.799842750951697e-05,0.10947004382183911,False
321,20,word,bpe_2000,2000,1498,153,101,248,0.026,0.001327959277982038,1.0,False
321,20,word,bpe_5000,2000,1535,116,97,252,0.0095,0.21735610630420696,1.0,False
321,20,word,char,2000,1469,182,121,228,0.0305,0.0005454686906835822,0.6234707134513344,False
321,20,bpe_500,bpe_1000,2000,1442,152,139,267,0.0065,0.4818378509760429,1.0,False
321,20,bpe_500,bpe_2000,2000,1452,142,147,259,-0.0025,0.8140304632432122,1.0,False
321,20,bpe_500,bpe_5000,2000,1474,120,158,248,-0.019,0.026301028477100308,1.0,False
321,20,bpe_500,char,2000,1451,143,139,267,0.002,0.8582549153899501,1.0,False
321,20,bpe_1000,bpe_2000,2000,1446,135,153,266,-0.009,0.31647193433067433,1.0,False
321,20,bpe_1000,bpe_5000,2000,1459,122,173,246,-0.0255,0.0035305065703303638,1.0,False
321,20,bpe_1000,char,2000,1412,169,178,241,-0.0045,0.6676481943687218,1.0,False
321,20,bpe_2000,bpe_5000,2000,1507,92,125,276,-0.0165,0.02959827861870484,1.0,False
321,20,bpe_2000,char,2000,1435,164,155,246,0.0045,0.6542831514362376,1.0,False
321,20,bpe_5000,char,2000,1452,180,138,230,0.021,0.02134858027673859,1.0,False
321,25,word,bpe_500,2000,1451,185,128,236,0.0285,0.0015087459503064667,1.0,False
321,25,word,bpe_1000,2000,1432,204,125,239,0.0395,1.5621979411703105e-05,0.020714744699918318,True
321,25,word,bpe_2000,2000,1473,163,106,258,0.0285,0.0006129177379188232,0.6944357970620267,False
321,25,word,bpe_5000,2000,1497,139,112,252,0.0135,0.10058395491285077,1.0,False
321,25,word,char,2000,1443,193,138,226,0.0275,0.0029394515441761803,1.0,False
321,25,bpe_500,bpe_1000,2000,1413,166,144,277,0.011,0.2329264515787903,1.0,False
321,25,bpe_500,bpe_2000,2000,1419,160,160,261,0.0,1.0,1.0,False
321,25,bpe_500,bpe_5000,2000,1436,143,173,248,-0.015,0.10265992160286672,1.0,False
321,25,bpe_500,char,2000,1424,155,157,264,-0.001,0.9548648622024908,1.0,False
321,25,bpe_1000,bpe_2000,2000,1407,150,172,271,-0.011,0.24184198101503587,1.0,False
321,25,bpe_1000,bpe_5000,2000,1415,142,194,249,-0.026,0.0053203789857902304,1.0,False
321,25,bpe_1000,char,2000,1381,176,200,243,-0.012,0.23552726835939486,1.0,False
321,25,bpe_2000,bpe_5000,2000,1473,106,136,285,-0.015,0.062071437574791465,1.0,False
321,25,bpe_2000,char,2000,1408,171,173,248,-0.001,0.9570122000008058,1.0,False
321,25,bpe_5000,char,2000,1420,189,161,230,0.014,0.14885646585855755,1.0,False
321,30,word,bpe_500,2000,1426,195,138,241,0.0285,0.0021028300575324315,1.0,False
321,30,word,bpe_1000,2000,1395,226,135,244,0.0455,1.9280141061006086e-06,0.0026837956356920473,True
321,30,word,bpe_2000,2000,1441,180,114,265,0.033,0.00014151604569169162,0.1725080596981721,False
321,30,word,bpe_5000,2000,1469,152,114,265,0.019,0.023111821793244478,1.0,False
321,30,word,char,2000,1424,197,148,231,0.0245,0.009659068269764306,1.0,False
321,30,bpe_500,bpe_1000,2000,1382,182,148,288,0.017,0.06911799926866015,1.0,False
321,30,bpe_500,bpe_2000,2000,1395,169,160,276,0.0045,0.6592392049947534,1.0,False
321,30,bpe_500,bpe_5000,2000,1409,155,174,262,-0.0095,0.3210183830178663,1.0,False
321,30,bpe_500,char,2000,1409,155,163,273,-0.004,0.6947235158086016,1.0,False
321,30,bpe_1000,bpe_2000,2000,1372,158,183,287,-0.0125,0.19363832899426733,1.0,False
321,30,bpe_1000,bpe_5000,2000,1379,151,204,266,-0.0265,0.005706383260455099,1.0,False
321,30,bpe_1000,char,2000,1359,171,213,257,-0.021,0.03627678907732486,1.0,False
321,30,bpe_2000,bpe_5000,2000,1437,118,146,299,-0.014,0.09638044497390963,1.0,False
321,30,bpe_2000,char,2000,1379,176,193,252,-0.0085,0.4049189505354995,1.0,False
321,30,bpe_5000,char,2000,1395,188,177,240,0.0055,0.6007399787185695,1.0,False
321,35,word,bpe_500,2000,1384,212,151,253,0.0305,0.0016011690028568698,1.0,False
321,35,word,bpe_1000,2000,1360,236,141,263,0.0475,1.1398644310360096e-06,0.0016026493900366296,True
321,35,word,bpe_2000,2000,1401,195,124,280,0.0355,8.347005964154851e-05,0.10408716437301099,False
321,35,word,bpe_5000,2000,1429,167,134,270,0.0165,0.06493880192656866,1.0,False
321,35,word,char,2000,1402,194,167,237,0.0135,0.17109427290901455,1.0,False
321,35,bpe_500,bpe_1000,2000,1347,188,154,311,0.017,0.07419853337024737,1.0,False
321,35,bpe_500,bpe_2000,2000,1347,188,178,287,0.005,0.6381023357918045,1.0,False
321,35,bpe_500,bpe_5000,2000,1360,175,203,262,-0.014,0.1648284940386987,1.0,False
321,35,bpe_500,char,2000,1386,149,183,282,-0.017,0.0699631604502648,1.0,False
321,35,bpe_1000,bpe_2000,2000,1341,160,184,315,-0.012,0.2148875151953538,1.0,False
321,35,bpe_1000,bpe_5000,2000,1346,155,217,282,-0.031,0.0015288918567814718,1.0,False
321,35,bpe_1000,char,2000,1336,165,233,266,-0.034,0.0007634722806975947,0.8527985375392133,False
321,35,bpe_2000,bpe_5000,2000,1406,119,157,318,-0.019,0.025759623456745834,1.0,False
321,35,bpe_2000,char,2000,1361,164,208,267,-0.022,0.02565216000318125,1.0,False
321,35,bpe_5000,char,2000,1374,189,195,242,-0.003,0.7986433872294549,1.0,False
321,40,word,bpe_500,2000,1350,212,176,262,0.018,0.07545635577160491,1.0,False
321,40,word,bpe_1000,2000,1314,248,155,283,0.0465,4.1811483679058775e-06,0.005723992115663146,True
321,40,word,bpe_2000,2000,1357,205,129,309,0.038,3.7831306374541016e-05,0.0484240721594125,True
321,40,word,bpe_5000,2000,1389,173,140,298,0.0165,0.07032007895830356,1.0,False
321,40,word,char,2000,1370,192,191,247,0.0005,1.0,1.0,False
321,40,bpe_500,bpe_1000,2000,1317,209,152,322,0.0285,0.003150656880360618,1.0,False
321,40,bpe_500,bpe_2000,2000,1306,220,180,294,0.02,0.05104022312914827,1.0,False
321,40,bpe_500,bpe_5000,2000,1324,202,205,269,-0.0015,0.9210460496766818,1.0,False
321,40,bpe_500,char,2000,1378,148,183,291,-0.0175,0.06148593768932176,1.0,False
321,40,bpe_1000,bpe_2000,2000,1295,174,191,340,-0.0085,0.40235628259931666,1.0,False
321,40,bpe_1000,bpe_5000,2000,1305,164,224,307,-0.03,0.002695881524192998,1.0,False
321,40,bpe_1000,char,2000,1311,158,250,281,-0.046,6.089582929212585e-06,0.008263564034941478,True
321,40,bpe_2000,bpe_5000,2000,1358,128,171,343,-0.0215,0.015004862905361944,1.0,False
321,40,bpe_2000,char,2000,1321,165,240,274,-0.0375,0.00022719986669163882,0.2717310405632,False
321,40,bpe_5000,char,2000,1340,189,221,250,-0.016,0.1256707966074083,1.0,False
321,45,word,bpe_500,2000,1317,218,179,286,0.0195,0.05636232235611185,1.0,False
321,45,word,bpe_1000,2000,1286,249,164,301,0.0425,3.368758265503323e-05,0.04341890816116379,True
321,45,word,bpe_2000,2000,1319,216,146,319,0.035,0.00027600378619471613,0.3267884828545439,False
321,45,word,bpe_5000,2000,1348,187,154,311,0.0165,0.08296302972761811,1.0,False
321,45,word,char,2000,1330,205,208,257,-0.0015,0.9216195718037081,1.0,False
321,45,bpe_500,bpe_1000,2000,1289,207,161,343,0.023,0.01886485297290128,1.0,False
321,45,bpe_500,bpe_2000,2000,1272,224,193,311,0.0155,0.14171180711801248,1.0,False
321,45,bpe_500,bpe_5000,2000,1292,204,210,294,-0.003,0.8059222563609444,1.0,False
321,45,bpe_500,char,2000,1333,163,205,299,-0.021,0.032435169846399034,1.0,False
321,45,bpe_1000,bpe_2000,2000,1264,186,201,349,-0.0075,0.47672254870716807,1.0,False
321,45,bpe_1000,bpe_5000,2000,1284,166,218,332,-0.026,0.00916429502359979,1.0,False
321,45,bpe_1000,char,2000,1279,171,259,291,-0.044,2.5625903249364554e-05,0.033313674224173924,True
321,45,bpe_2000,bpe_5000,2000,1328,137,174,361,-0.0185,0.04104136121361271,1.0,False
321,45,bpe_2000,char,2000,1287,178,251,284,-0.0365,0.0004944338128958132,0.566621149578602,False
321,45,bpe_5000,char,2000,1307,195,231,267,-0.018,0.08981424429657511,1.0,False
321,50,word,bpe_500,2000,1260,240,207,293,0.0165,0.1300480988741312,1.0,False
321,50,word,bpe_1000,2000,1229,271,182,318,0.0445,3.368418010951419e-05,0.04341890816116379,True
321,50,word,bpe_2000,2000,1257,243,165,335,0.039,0.0001319759715451115,0.16133504101404963,False
321,50,word,bpe_5000,2000,1298,202,170,330,0.016,0.10786900749527065,1.0,False
321,50,word,char,2000,1288,212,245,255,-0.0165,0.13433200931410336,1.0,False
321,50,bpe_500,bpe_1000,2000,1244,223,167,366,0.028,0.005285765126909751,1.0,False
321,50,bpe_500,bpe_2000,2000,1220,247,202,331,0.0225,0.03773069854544103,1.0,False
321,50,bpe_500,bpe_5000,2000,1243,224,225,308,-0.0005,1.0,1.0,False
321,50,bpe_500,char,2000,1308,159,225,308,-0.033,0.0008864316249171778,0.9848255352829846,False
321,50,bpe_1000,bpe_2000,2000,1219,192,203,386,-0.0055,0.6149115878706555,1.0,False
321,50,bpe_1000,bpe_5000,2000,1224,187,244,345,-0.0285,0.006919004324415459,1.0,False
321,50,bpe_1000,char,2000,1245,166,288,301,-0.061,1.1149142511757765e-08,1.6333493779725127e-05,True
321,50,bpe_2000,bpe_5000,2000,1275,147,193,385,-0.023,0.014547602289261493,1.0,False
321,50,bpe_2000,char,2000,1244,178,289,289,-0.0555,3.166027081661758e-07,0.0004508422564286343,True
321,50,bpe_5000,char,2000,1271,197,262,270,-0.0325,0.0027752737316777652,1.0,False
312,0,word,bpe_500,2000,1513,186,86,215,0.05,1.2751838196902484e-09,1.8808961340431163e-06,True
312,0,word,bpe_1000,2000,1521,178,95,206,0.0415,5.736398806191864e-07,0.0008105531513149104,True
312,0,word,bpe_2000,2000,1569,130,100,201,0.015,0.05561357778139238,1.0,False
312,0,word,bpe_5000,2000,1591,108,75,226,0.0165,0.01776360805737146,1.0,False
312,0,word,char,2000,1521,178,86,215,0.046,1.542187249287093e-08,2.2546777584577298e-05,True
312,0,bpe_500,bpe_1000,2000,1482,117,134,267,-0.0085,0.3125355382626733,1.0,False
312,0,bpe_500,bpe_2000,2000,1507,92,162,239,-0.035,1.328561661411844e-05,0.017713446938000973,True
312,0,bpe_500,bpe_5000,2000,1495,104,171,230,-0.0335,6.381777426623065e-05,0.08021894225265193,False
312,0,bpe_500,char,2000,1474,125,133,268,-0.004,0.6630644615631135,1.0,False
312,0,bpe_1000,bpe_2000,2000,1524,92,145,239,-0.0265,0.0006980486580664918,0.7860027889828697,False
312,0,bpe_1000,bpe_5000,2000,1513,103,153,231,-0.025,0.002133691172755748,1.0,False
312,0,bpe_1000,char,2000,1484,132,123,261,0.0045,0.6164725642490368,1.0,False
312,0,bpe_2000,bpe_5000,2000,1567,102,99,232,0.0015,0.8878609477142523,1.0,False
312,0,bpe_2000,char,2000,1501,168,106,225,0.031,0.0002160224385398405,0.2590109038092688,False
312,0,bpe_5000,char,2000,1494,172,113,221,0.0295,0.000567602254024183,0.6464989673335445,False
312,5,word,bpe_500,2000,1500,194,96,210,0.049,8.939604812923904e-09,1.3105460655746442e-05,True
312,5,word,bpe_1000,2000,1505,189,94,212,0.0475,1.7049674563405976e-08,2.490957453713613e-05,True
312,5,word,bpe_2000,2000,1565,129,96,210,0.0165,0.03266665053412694,1.0,False
312,5,word,bpe_5000,2000,1578,116,79,227,0.0185,0.009757467919632525,1.0,False
312,5,word,char,2000,1514,180,83,223,0.0485,2.140580847332036e-09,3.153075588120089e-06,True
312,5,bpe_500,bpe_1000,2000,1472,124,127,277,-0.0015,0.8995756706351209,1.0,False
312,5,bpe_500,bpe_2000,2000,1494,102,167,237,-0.0325,8.865624161697664e-05,0.11019970832990196,False
312,5,bpe_500,bpe_5000,2000,1486,110,171,233,-0.0305,0.0003280896964590346,0.38484921394644755,False
312,5,bpe_500,char,2000,1463,133,134,270,-0.0005,0.9999999999999987,1.0,False
312,5,bpe_1000,bpe_2000,2000,1506,93,155,246,-0.031,9.936330373480802e-05,0.12291240671995753,False
312,5,bpe_1000,bpe_5000,2000,1490,109,167,234,-0.029,0.0005767261880944516,0.6557376758633915,False
312,5,bpe_1000,char,2000,1470,129,127,274,0.001,0.9501808900638603,1.0,False
312,5,bpe_2000,bpe_5000,2000,1552,109,105,234,0.002,0.837573106043217,1.0,False
312,5,bpe_2000,char,2000,1493,168,104,235,0.032,0.0001249734410496687,0.15346738560899315,False
312,5,bpe_5000,char,2000,1487,170,110,233,0.03,0.0004029917321961961,0.4658584424188027,False
312,10,word,bpe_500,2000,1474,197,113,216,0.042,2.1193220087617346e-06,0.0029458575921788113,True
312,10,word,bpe_1000,2000,1483,188,107,222,0.0405,2.789211609019235e-06,0.003860268866882621,True
312,10,word,bpe_2000,2000,1536,135,114,215,0.0105,0.2049035922557167,1.0,False
312,10,word,bpe_5000,2000,1552,119,108,221,0.0055,0.5069556871220086,1.0,False
312,10,word,char,2000,1484,187,102,227,0.0425,6.504494709959062e-07,0.0009177842035752237,True
312,10,bpe_500,bpe_1000,2000,1452,135,138,275,-0.0015,0.9036839812655056,1.0,False
312,10,bpe_500,bpe_2000,2000,1475,112,175,238,-0.0315,0.00023958728061946005,0.28558803849839637,False
312,10,bpe_500,bpe_5000,2000,1480,107,180,233,-0.0365,1.9409632898489374e-05,0.025523667261513526,True
312,10,bpe_500,char,2000,1454,133,132,281,0.0005,0.9999999999999998,1.0,False
312,10,bpe_1000,bpe_2000,2000,1490,100,160,250,-0.03,0.00023894190306813742,0.28505769036028794,False
312,10,bpe_1000,bpe_5000,2000,1487,103,173,237,-0.035,2.99081439304255e-05,0.03873104638990102,True
312,10,bpe_1000,char,2000,1451,139,135,275,0.002,0.8562239140630018,1.0,False
312,10,bpe_2000,bpe_5000,2000,1541,109,119,231,-0.005,0.5512435649994097,1.0,False
312,10,bpe_2000,char,2000,1472,178,114,236,0.032,0.0002153677645474916,0.2584413174569899,False
312,10,bpe_5000,char,2000,1476,184,110,230,0.037,1.880824130212655e-05,0.024789262036202794,True
312,15,word,bpe_500,2000,1451,204,125,220,0.0395,1.5621979411703105e-05,0.020714744699918318,True
312,15,word,bpe_1000,2000,1449,206,119,226,0.0435,1.604717382690129e-06,0.0022433949010008006,True
312,15,word,bpe_2000,2000,1497,158,127,218,0.0155,0.0753758629550946,1.0,False
312,15,word,bpe_5000,2000,1523,132,117,228,0.0075,0.37499863564655245,1.0,False
312,15,word,char,2000,1474,181,122,223,0.0295,0.0008335873415050338,0.9302834731196177,False
312,15,bpe_500,bpe_1000,2000,1432,144,136,288,0.004,0.6757814111963596,1.0,False
312,15,bpe_500,bpe_2000,2000,1445,131,179,245,-0.024,0.007498558815855662,1.0,False
312,15,bpe_500,bpe_5000,2000,1450,126,190,234,-0.032,0.00037799559890748876,0.43923088593050197,False
312,15,bpe_500,char,2000,1448,128,148,276,-0.01,0.2527188076916798,1.0,False
312,15,bpe_1000,bpe_2000,2000,1451,117,173,259,-0.028,0.001201269949738721,1.0,False
312,15,bpe_1000,bpe_5000,2000,1443,125,197,235,-0.036,7.128611579507892e-05,0.08917893085964373,False
312,15,bpe_1000,char,2000,1427,141,169,263,-0.014,0.12501633584465421,1.0,False
312,15,bpe_2000,bpe_5000,2000,1503,121,137,239,-0.008,0.3503972462396573,1.0,False
312,15,bpe_2000,char,2000,1460,164,136,240,0.014,0.11888633674819754,1.0,False
312,15,bpe_5000,char,2000,1465,175,131,229,0.022,0.013834019799271693,1.0,False
312,20,word,bpe_500,2000,1432,209,135,224,0.037,7.816988411069788e-05,0.09755601537015095,False
312,20,word,bpe_1000,2000,1435,206,131,228,0.0375,5.198727726349041e-05,0.06597185484736932,False
312,20,word,bpe_2000,2000,1479,162,136,223,0.013,0.1474339417929176,1.0,False
312,20,word,bpe_5000,2000,1515,126,122,237,0.002,0.8489658192454097,1.0,False
312,20,word,char,2000,1446,195,129,230,0.033,0.0002918157236556215,0.3443425539136334,False
312,20,bpe_500,bpe_1000,2000,1434,133,132,301,0.0005,0.9999999999999998,1.0,False
312,20,bpe_500,bpe_2000,2000,1430,137,185,248,-0.024,0.008710572200322406,1.0,False
312,20,bpe_500,bpe_5000,2000,1439,128,198,235,-0.035,0.00012553065732449282,0.1540261165371527,False
312,20,bpe_500,char,2000,1424,143,151,282,-0.004,0.683162608005191,1.0,False
312,20,bpe_1000,bpe_2000,2000,1445,121,170,264,-0.0245,0.00481078642645085,1.0,False
312,20,bpe_1000,bpe_5000,2000,1439,127,198,236,-0.0355,9.732867670995783e-05,0.1204929017669278,False
312,20,bpe_1000,char,2000,1406,160,169,265,-0.0045,0.6592392049947534,1.0,False
312,20,bpe_2000,bpe_5000,2000,1495,120,142,243,-0.011,0.1944024798524058,1.0,False
312,20,bpe_2000,char,2000,1435,180,140,245,0.02,0.02908687934019739,1.0,False
312,20,bpe_5000,char,2000,1443,194,132,231,0.031,0.0007051055404287193,0.7932437329823092,False
312,25,word,bpe_500,2000,1417,217,140,226,0.0385,5.4176626316373965e-05,0.0686417855428458,False
312,25,word,bpe_1000,2000,1405,229,137,229,0.046,1.7476627037970478e-06,0.002441484797204476,True
312,25,word,bpe_2000,2000,1459,175,130,236,0.0225,0.01163120745814795,1.0,False
312,25,word,bpe_5000,2000,1495,139,119,247,0.01,0.23679357177051774,1.0,False
312,25,word,char,2000,1438,196,136,230,0.03,0.0011710339385192035,1.0,False
312,25,bpe_500,bpe_1000,2000,1406,151,136,307,0.0075,0.4086245180542734,1.0,False
312,25,bpe_500,bpe_2000,2000,1398,159,191,252,-0.016,0.09737618645562898,1.0,False
312,25,bpe_500,bpe_5000,2000,1420,137,194,249,-0.0285,0.0020377594974601326,1.0,False
312,25,bpe_500,char,2000,1407,150,167,276,-0.0085,0.3688641381254089,1.0,False
312,25,bpe_1000,bpe_2000,2000,1408,134,181,277,-0.0235,0.009438317340861117,1.0,False
312,25,bpe_1000,bpe_5000,2000,1411,131,203,255,-0.036,9.665658741522428e-05,0.11975751180746289,False
312,25,bpe_1000,char,2000,1381,161,193,265,-0.016,0.09929171823065187,1.0,False
312,25,bpe_2000,bpe_5000,2000,1463,126,151,260,-0.0125,0.1491647696916759,1.0,False
312,25,bpe_2000,char,2000,1413,176,161,250,0.0075,0.4457324776124807,1.0,False
312,25,bpe_5000,char,2000,1423,191,151,235,0.02,0.03480181144612278,1.0,False
312,30,word,bpe_500,2000,1387,237,153,223,0.042,2.4638700078504215e-05,0.03207958750221249,True
312,30,word,bpe_1000,2000,1373,251,148,228,0.0515,2.839758792827474e-07,0.0004052335797364805,True
312,30,word,bpe_2000,2000,1432,192,148,228,0.022,0.019566807372886675,1.0,False
312,30,word,bpe_5000,2000,1474,150,124,252,0.013,0.1308155892290426,1.0,False
312,30,word,char,2000,1425,199,139,237,0.03,0.0012971228818516101,1.0,False
312,30,bpe_500,bpe_1000,2000,1367,173,154,306,0.0095,0.31954227717070255,1.0,False
312,30,bpe_500,bpe_2000,2000,1370,170,210,250,-0.02,0.045286981400180455,1.0,False
312,30,bpe_500,bpe_5000,2000,1389,151,209,251,-0.029,0.002614244136067824,1.0,False
312,30,bpe_500,char,2000,1383,157,181,279,-0.012,0.21085840536816683,1.0,False
312,30,bpe_1000,bpe_2000,2000,1387,134,193,286,-0.0295,0.0013040575819412614,1.0,False
312,30,bpe_1000,bpe_5000,2000,1384,137,214,265,-0.0385,4.666657554036054e-05,0.05949988381395969,False
312,30,bpe_1000,char,2000,1355,166,209,270,-0.0215,0.02995666523724191,1.0,False
312,30,bpe_2000,bpe_5000,2000,1445,135,153,267,-0.009,0.31647193433067433,1.0,False
312,30,bpe_2000,char,2000,1392,188,172,248,0.008,0.4292357863668275,1.0,False
312,30,bpe_5000,char,2000,1407,191,157,245,0.017,0.07674557973863459,1.0,False
312,35,word,bpe_500,2000,1344,258,164,234,0.047,5.4958397753537124e-06,0.007479837934256403,True
312,35,word,bpe_1000,2000,1346,256,161,237,0.0475,3.7983421507273344e-06,0.005222720457250085,True
312,35,word,bpe_2000,2000,1396,206,150,248,0.028,0.00349859090289546,1.0,False
312,35,word,bpe_5000,2000,1440,162,139,259,0.0115,0.20470107013822517,1.0,False
312,35,word,char,2000,1400,202,154,244,0.024,0.012629542491007685,1.0,False
312,35,bpe_500,bpe_1000,2000,1334,174,173,319,0.0005,1.0,1.0,False
312,35,bpe_500,bpe_2000,2000,1331,177,215,277,-0.019,0.06151513636323989,1.0,False
312,35,bpe_500,bpe_5000,2000,1355,153,224,268,-0.0355,0.0003005044543193305,0.3530927338252134,False
312,35,bpe_500,char,2000,1361,147,193,299,-0.023,0.014547602289261493,1.0,False
312,35,bpe_1000,bpe_2000,2000,1355,152,191,302,-0.0195,0.040032537463659826,1.0,False
312,35,bpe_1000,bpe_5000,2000,1355,152,224,269,-0.036,0.000240899658164358,0.28691149287375034,False
312,35,bpe_1000,char,2000,1338,169,216,277,-0.0235,0.01894205591982761,1.0,False
312,35,bpe_2000,bpe_5000,2000,1407,139,172,282,-0.0165,0.06942087459653697,1.0,False
312,35,bpe_2000,char,2000,1367,179,187,267,-0.004,0.7144968759527133,1.0,False
312,35,bpe_5000,char,2000,1390,189,164,257,0.0125,0.20139724597125433,1.0,False
312,40,word,bpe_500,2000,1325,262,165,248,0.0485,3.0895117757535153e-06,0.004263526250539851,True
312,40,word,bpe_1000,2000,1316,271,157,256,0.057,3.939863768754793e-08,5.7049227371569396e-05,True
312,40,word,bpe_2000,2000,1362,225,161,252,0.032,0.0013130899217309179,1.0,False
312,40,word,bpe_5000,2000,1416,171,141,272,0.015,0.10047690609095605,1.0,False
312,40,word,char,2000,1379,208,172,241,0.018,0.07244057478621146,1.0,False
312,40,bpe_500,bpe_1000,2000,1291,199,182,328,0.0085,0.4124183179279173,1.0,False
312,40,bpe_500,bpe_2000,2000,1293,197,230,280,-0.0165,0.12137904301200882,1.0,False
312,40,bpe_500,bpe_5000,2000,1318,172,239,271,-0.0335,0.00110654547207349,1.0,False
312,40,bpe_500,char,2000,1340,150,211,299,-0.0305,0.0015534937395615632,1.0,False
312,40,bpe_1000,bpe_2000,2000,1310,163,213,314,-0.025,0.011405736382451702,1.0,False
312,40,bpe_1000,bpe_5000,2000,1315,158,242,285,-0.042,3.123796495542547e-05,0.04039068868736514,True
312,40,bpe_1000,char,2000,1309,164,242,285,-0.039,0.0001269730819454066,0.1555420253831231,False
312,40,bpe_2000,bpe_5000,2000,1368,155,189,288,-0.017,0.07504716159510366,1.0,False
312,40,bpe_2000,char,2000,1338,185,213,264,-0.014,0.17585671306090922,1.0,False
312,40,bpe_5000,char,2000,1365,192,186,257,0.003,0.797086842492569,1.0,False
312,45,word,bpe_500,2000,1302,262,174,262,0.044,2.918118269927221e-05,0.037847993960956054,True
312,45,word,bpe_1000,2000,1302,262,172,264,0.045,1.8150410752620536e-05,0.02394039178270649,True
312,45,word,bpe_2000,2000,1325,239,172,264,0.0335,0.00110654547207349,1.0,False
312,45,word,bpe_5000,2000,1389,175,157,279,0.009,0.350838080877321,1.0,False
312,45,word,char,2000,1341,223,192,244,0.0155,0.14075440804596806,1.0,False
312,45,bpe_500,bpe_1000,2000,1275,201,199,325,0.001,0.9601306980362065,1.0,False
312,45,bpe_500,bpe_2000,2000,1279,197,218,306,-0.0105,0.3262212348533924,1.0,False
312,45,bpe_500,bpe_5000,2000,1296,180,250,274,-0.035,0.0008559705446208624,0.9535511867076407,False
312,45,bpe_500,char,2000,1315,161,218,306,-0.0285,0.003962101401312482,1.0,False
312,45,bpe_1000,bpe_2000,2000,1300,174,197,329,-0.0115,0.25334577337319875,1.0,False
312,45,bpe_1000,bpe_5000,2000,1306,168,240,286,-0.036,0.00042626285022703787,0.4919073291620017,False
312,45,bpe_1000,char,2000,1297,177,236,290,-0.0295,0.004261364560626401,1.0,False
312,45,bpe_2000,bpe_5000,2000,1344,153,202,301,-0.0245,0.010745151320457728,1.0,False
312,45,bpe_2000,char,2000,1302,195,231,272,-0.018,0.08981424429657511,1.0,False
312,45,bpe_5000,char,2000,1332,214,201,253,0.0065,0.5558752439908863,1.0,False
312,50,word,bpe_500,2000,1255,275,197,273,0.039,0.0003830173948400445,0.4443001780144516,False
312,50,word,bpe_1000,2000,1258,272,200,270,0.036,0.0010616019501868933,1.0,False
312,50,word,bpe_2000,2000,1282,248,187,283,0.0305,0.003966462675333297,1.0,False
312,50,word,bpe_5000,2000,1341,189,178,292,0.0055,0.6017336584279653,1.0,False
312,50,word,char,2000,1308,222,216,254,0.003,0.8112093105223956,1.0,False
312,50,bpe_500,bpe_1000,2000,1250,202,208,340,-0.003,0.8049971524657472,1.0,False
312,50,bpe_500,bpe_2000,2000,1236,216,233,315,-0.0085,0.4502333846386793,1.0,False
312,50,bpe_500,bpe_5000,2000,1261,191,258,290,-0.0335,0.0018097268921064876,1.0,False
312,50,bpe_500,char,2000,1292,160,232,316,-0.036,0.00032415358834742957,0.38055631271988233,False
312,50,bpe_1000,bpe_2000,2000,1266,192,203,339,-0.0055,0.6149115878706555,1.0,False
312,50,bpe_1000,bpe_5000,2000,1273,185,246,296,-0.0305,0.0038008327238735853,1.0,False
312,50,bpe_1000,char,2000,1276,182,248,294,-0.033,0.001689571808175492,1.0,False
312,50,bpe_2000,bpe_5000,2000,1300,169,219,312,-0.025,0.012760475936577316,1.0,False
312,50,bpe_2000,char,2000,1272,197,252,279,-0.0275,0.010740531779509756,1.0,False
312,50,bpe_5000,char,2000,1300,219,224,257,-0.0025,0.8493003845205255,1.0,False
111,0,word,bpe_500,2000,1526,170,82,222,0.044,3.103050052094464e-08,4.502525625589067e-05,True
111,0,word,bpe_1000,2000,1541,155,102,202,0.0265,0.0011385849309077372,1.0,False
111,0,word,bpe_2000,2000,1560,136,75,229,0.0305,3.216505634538129e-05,0.04155725279823263,True
111,0,word,bpe_5000,2000,1600,96,81,223,0.0075,0.29263710818803007,1.0,False
111,0,word,char,2000,1523,173,92,212,0.0405,7.369126216543276e-07,0.0010390467965326019,True
111,0,bpe_500,bpe_1000,2000,1501,107,142,250,-0.0175,0.030981959063000008,1.0,False
111,0,bpe_500,bpe_2000,2000,1497,111,138,254,-0.0135,0.0992234659599745,1.0,False
111,0,bpe_500,bpe_5000,2000,1514,94,167,225,-0.0365,7.315517801691935e-06,0.00990521110349088,True
111,0,bpe_500,char,2000,1487,121,128,264,-0.0035,0.703852663123378,1.0,False
111,0,bpe_1000,bpe_2000,2000,1531,112,104,253,0.004,0.6339701087145511,1.0,False
111,0,bpe_1000,bpe_5000,2000,1530,113,151,206,-0.019,0.022594616417307686,1.0,False
111,0,bpe_1000,char,2000,1496,147,119,238,0.014,0.09764485501293925,1.0,False
111,0,bpe_2000,bpe_5000,2000,1562,73,119,246,-0.023,0.0011089342515486918,1.0,False
111,0,bpe_2000,char,2000,1489,146,126,239,0.01,0.24925604204750496,1.0,False
111,0,bpe_5000,char,2000,1504,177,111,208,0.033,0.00012025910542287745,0.14791869967013926,False
111,5,word,bpe_500,2000,1527,165,78,230,0.0435,2.4712132585145513e-08,3.598086504397187e-05,True
111,5,word,bpe_1000,2000,1534,158,95,213,0.0315,8.983010833490257e-05,0.11156899455194899,False
111,5,word,bpe_2000,2000,1564,128,77,231,0.0255,0.00045082131911683535,0.5193461596225943,False
111,5,word,bpe_5000,2000,1584,108,83,225,0.0125,0.08219129693943301,1.0,False
111,5,word,char,2000,1517,175,95,213,0.04,1.287561145157497e-06,0.0018051607255108108,True
111,5,bpe_500,bpe_1000,2000,1488,117,141,254,-0.012,0.15202865125192022,1.0,False
111,5,bpe_500,bpe_2000,2000,1498,107,143,252,-0.018,0.026657962755246185,1.0,False
111,5,bpe_500,bpe_5000,2000,1506,99,161,234,-0.031,0.00014497125753872302,0.1762850491670872,False
111,5,bpe_500,char,2000,1489,116,123,272,-0.0035,0.6980219721257958,1.0,False
111,5,bpe_1000,bpe_2000,2000,1520,109,121,250,-0.006,0.4683340524436273,1.0,False
111,5,bpe_1000,bpe_5000,2000,1509,120,158,213,-0.019,0.026301028477100308,1.0,False
111,5,bpe_1000,char,2000,1486,143,126,245,0.0085,0.3293018289631191,1.0,False
111,5,bpe_2000,bpe_5000,2000,1555,86,112,247,-0.013,0.07535614736054361,1.0,False
111,5,bpe_2000,char,2000,1491,150,121,238,0.0145,0.0887796125701743,1.0,False
111,5,bpe_5000,char,2000,1492,175,120,213,0.0275,0.001621628404733325,1.0,False
111,10,word,bpe_500,2000,1515,171,87,227,0.042,1.8687068643438105e-07,0.0002674119522875993,True
111,10,word,bpe_1000,2000,1519,167,100,214,0.0335,4.930861214987561e-05,0.06276986326679165,False
111,10,word,bpe_2000,2000,1558,128,80,234,0.024,0.0010691834257514276,1.0,False
111,10,word,bpe_5000,2000,1566,120,91,223,0.0145,0.05364693061116831,1.0,False
111,10,word,char,2000,1507,179,105,209,0.037,1.3313390934416427e-05,0.01773343672464268,True
111,10,bpe_500,bpe_1000,2000,1480,122,139,259,-0.0085,0.32199452998210293,1.0,False
111,10,bpe_500,bpe_2000,2000,1488,114,150,248,-0.018,0.031037644716382123,1.0,False
111,10,bpe_500,bpe_5000,2000,1494,108,163,235,-0.0275,0.0010009699375704106,1.0,False
111,10,bpe_500,char,2000,1482,120,130,268,-0.005,0.5693014384434676,1.0,False
111,10,bpe_1000,bpe_2000,2000,1511,108,127,254,-0.0095,0.2402563344184412,1.0,False
111,10,bpe_1000,bpe_5000,2000,1497,122,160,221,-0.019,0.027395109616915967,1.0,False
111,10,bpe_1000,char,2000,1475,144,137,244,0.0035,0.7204653770782284,1.0,False
111,10,bpe_2000,bpe_5000,2000,1541,97,116,246,-0.0095,0.21735610630420696,1.0,False
111,10,bpe_2000,char,2000,1483,155,129,233,0.013,0.13780907674155235,1.0,False
111,10,bpe_5000,char,2000,1483,174,129,214,0.0225,0.011357328891835682,1.0,False
111,15,word,bpe_500,2000,1501,181,98,220,0.0415,7.646108865234523e-07,0.0010773367391115442,True
111,15,word,bpe_1000,2000,1510,172,98,220,0.037,7.857320162434614e-06,0.010599524899124293,True
111,15,word,bpe_2000,2000,1544,138,84,234,0.027,0.000352894230965023,0.4114746733052168,False
111,15,word,bpe_5000,2000,1552,130,82,236,0.024,0.0011947074203354287,1.0,False
111,15,word,char,2000,1496,186,107,211,0.0395,4.581233379137461e-06,0.006257964795901772,True
111,15,bpe_500,bpe_1000,2000,1456,143,152,249,-0.0045,0.6414486313583475,1.0,False
111,15,bpe_500,bpe_2000,2000,1470,129,158,243,-0.0145,0.09820478473358088,1.0,False
111,15,bpe_500,bpe_5000,2000,1476,123,158,243,-0.0175,0.04234120526227255,1.0,False
111,15,bpe_500,char,2000,1465,134,138,263,-0.002,0.8557023748629741,1.0,False
111,15,bpe_1000,bpe_2000,2000,1495,113,133,259,-0.01,0.22567092627640534,1.0,False
111,15,bpe_1000,bpe_5000,2000,1473,135,161,231,-0.013,0.14607118119578627,1.0,False
111,15,bpe_1000,char,2000,1458,150,145,247,0.0025,0.8158961620481175,1.0,False
111,15,bpe_2000,bpe_5000,2000,1521,107,113,259,-0.003,0.7361275190186887,1.0,False
111,15,bpe_2000,char,2000,1472,156,131,241,0.0125,0.15645697642573433,1.0,False
111,15,bpe_5000,char,2000,1462,172,141,225,0.0155,0.089782113788242,1.0,False
111,20,word,bpe_500,2000,1499,178,96,227,0.041,8.279288700477528e-07,0.001165723849027236,True
111,20,word,bpe_1000,2000,1484,193,106,217,0.0435,5.515967982510405e-07,0.0007799578727269713,True
111,20,word,bpe_2000,2000,1541,136,92,231,0.022,0.004300450203219817,1.0,False
111,20,word,bpe_5000,2000,1541,136,84,239,0.026,0.0005548115916218509,0.6330400260405319,False
111,20,word,char,2000,1489,188,101,222,0.0435,3.470918986591353e-07,0.0004935646798932904,True
111,20,bpe_500,bpe_1000,2000,1451,144,139,266,0.0025,0.8121068752427945,1.0,False
111,20,bpe_500,bpe_2000,2000,1473,122,160,245,-0.019,0.027395109616915967,1.0,False
111,20,bpe_500,bpe_5000,2000,1463,132,162,243,-0.015,0.09060638791019968,1.0,False
111,20,bpe_500,char,2000,1460,135,130,275,0.0025,0.8059570329989922,1.0,False
111,20,bpe_1000,bpe_2000,2000,1479,111,154,256,-0.0215,0.009747256806136681,1.0,False
111,20,bpe_1000,bpe_5000,2000,1447,143,178,232,-0.0175,0.057567089918183566,1.0,False
111,20,bpe_1000,char,2000,1432,158,158,252,0.0,1.0,1.0,False
111,20,bpe_2000,bpe_5000,2000,1511,122,114,253,0.004,0.648726044481876,1.0,False
111,20,bpe_2000,char,2000,1466,167,124,243,0.0215,0.013675428712699571,1.0,False
111,20,bpe_5000,char,2000,1441,184,149,226,0.0175,0.06227343925727793,1.0,False
111,25,word,bpe_500,2000,1467,200,114,219,0.043,1.3957026267662347e-06,0.001953983677472729,True
111,25,word,bpe_1000,2000,1455,212,115,218,0.0485,8.952937713228799e-08,0.000129011832447627,True
111,25,word,bpe_2000,2000,1513,154,99,234,0.0275,0.0006570091756164077,0.7424203684465407,False
111,25,word,bpe_5000,2000,1527,140,91,242,0.0245,0.0015319977195994486,1.0,False
111,25,word,char,2000,1473,194,118,215,0.038,1.9921720942014537e-05,0.0261771413178071,True
111,25,bpe_500,bpe_1000,2000,1423,158,147,272,0.0055,0.5669884123103023,1.0,False
111,25,bpe_500,bpe_2000,2000,1444,137,168,251,-0.0155,0.08566679788148009,1.0,False
111,25,bpe_500,bpe_5000,2000,1445,136,173,246,-0.0185,0.04038984585966233,1.0,False
111,25,bpe_500,char,2000,1445,136,146,273,-0.005,0.592077086506682,1.0,False
111,25,bpe_1000,bpe_2000,2000,1445,125,167,263,-0.021,0.016277991082552526,1.0,False
111,25,bpe_1000,bpe_5000,2000,1430,140,188,242,-0.024,0.009350969514611665,1.0,False
111,25,bpe_1000,char,2000,1415,155,176,254,-0.0105,0.2716127621266505,1.0,False
111,25,bpe_2000,bpe_5000,2000,1490,122,128,260,-0.003,0.7519020991265514,1.0,False
111,25,bpe_2000,char,2000,1446,166,145,243,0.0105,0.25671829342242025,1.0,False
111,25,bpe_5000,char,2000,1437,181,154,228,0.0135,0.15534845626237392,1.0,False
111,30,word,bpe_500,2000,1453,198,121,228,0.0385,1.914807446891382e-05,0.0252180140755595,True
111,30,word,bpe_1000,2000,1427,224,128,221,0.048,3.508448622932197e-07,0.0004985505493186653,True
111,30,word,bpe_2000,2000,1481,170,113,236,0.0285,0.0008411759138392658,0.9379111439307813,False
111,30,word,bpe_5000,2000,1496,155,103,246,0.026,0.0014497069554271326,1.0,False
111,30,word,char,2000,1444,207,125,224,0.041,7.937902415562536e-06,0.010700292456178298,True
111,30,bpe_500,bpe_1000,2000,1403,171,152,274,0.0095,0.31656264675705625,1.0,False
111,30,bpe_500,bpe_2000,2000,1421,153,173,253,-0.01,0.2926433452701045,1.0,False
111,30,bpe_500,bpe_5000,2000,1414,160,185,241,-0.0125,0.19624468762132638,1.0,False
111,30,bpe_500,char,2000,1421,153,148,278,0.0025,0.8177068178930339,1.0,False
111,30,bpe_1000,bpe_2000,2000,1414,141,180,265,-0.0195,0.03376326414464634,1.0,False
111,30,bpe_1000,bpe_5000,2000,1400,155,199,246,-0.022,0.022154579078393993,1.0,False
111,30,bpe_1000,char,2000,1380,175,189,256,-0.007,0.4956810815749624,1.0,False
111,30,bpe_2000,bpe_5000,2000,1455,139,144,262,-0.0025,0.8121068752427945,1.0,False
111,30,bpe_2000,char,2000,1414,180,155,251,0.0125,0.18969092553334257,1.0,False
111,30,bpe_5000,char,2000,1399,200,170,231,0.015,0.1315365203209572,1.0,False
111,35,word,bpe_500,2000,1422,215,127,236,0.044,2.2537288020089694e-06,0.0031259218483864408,True
111,35,word,bpe_1000,2000,1403,234,131,232,0.0515,7.725078007650426e-08,0.00011155012643047214,True
111,35,word,bpe_2000,2000,1453,184,121,242,0.0315,0.00036869259539935894,0.42878948844945447,False
111,35,word,bpe_5000,2000,1463,174,105,258,0.0345,4.306132632022058e-05,0.05498931371092168,False
111,35,word,char,2000,1421,216,136,227,0.04,2.360892359124789e-05,0.030833254210169744,True
111,35,bpe_500,bpe_1000,2000,1376,173,158,293,0.0075,0.4416382410514279,1.0,False
111,35,bpe_500,bpe_2000,2000,1392,157,182,269,-0.0125,0.19232758745753617,1.0,False
111,35,bpe_500,bpe_5000,2000,1377,172,191,260,-0.0095,0.34479628877511337,1.0,False
111,35,bpe_500,char,2000,1399,150,158,293,-0.004,0.6900621236396974,1.0,False
111,35,bpe_1000,bpe_2000,2000,1391,143,183,283,-0.02,0.030614845447971436,1.0,False
111,35,bpe_1000,bpe_5000,2000,1365,169,203,263,-0.017,0.08695011889038419,1.0,False
111,35,bpe_1000,char,2000,1361,173,196,270,-0.0115,0.2520625131971112,1.0,False
111,35,bpe_2000,bpe_5000,2000,1425,149,143,283,0.003,0.7698844071481957,1.0,False
111,35,bpe_2000,char,2000,1396,178,161,265,0.0085,0.38487582983382,1.0,False
111,35,bpe_5000,char,2000,1369,199,188,244,0.0055,0.6112801480437425,1.0,False
111,40,word,bpe_500,2000,1384,227,144,245,0.0415,1.920841440752949e-05,0.02527827336030881,True
111,40,word,bpe_1000,2000,1363,248,138,251,0.055,2.34112884626109e-08,3.411024729002408e-05,True
111,40,word,bpe_2000,2000,1412,199,139,250,0.03,0.0012971228818516101,1.0,False
111,40,word,bpe_5000,2000,1416,195,114,275,0.0405,4.743101273837761e-06,0.006474333238788543,True
111,40,word,char,2000,1401,210,153,236,0.0285,0.0032354375042357706,1.0,False
111,40,bpe_500,bpe_1000,2000,1339,189,162,310,0.0135,0.16511210963963457,1.0,False
111,40,bpe_500,bpe_2000,2000,1354,174,197,275,-0.0115,0.25334577337319875,1.0,False
111,40,bpe_500,bpe_5000,2000,1341,187,189,283,-0.001,0.9588795953499724,1.0,False
111,40,bpe_500,char,2000,1370,158,184,288,-0.013,0.17633785383846798,1.0,False
111,40,bpe_1000,bpe_2000,2000,1344,157,207,292,-0.025,0.010122718947356998,1.0,False
111,40,bpe_1000,bpe_5000,2000,1321,180,209,290,-0.0145,0.15561792214572964,1.0,False
111,40,bpe_1000,char,2000,1328,173,226,273,-0.0265,0.00914953886856717,1.0,False
111,40,bpe_2000,bpe_5000,2000,1385,166,145,304,0.0105,0.25671829342242025,1.0,False
111,40,bpe_2000,char,2000,1382,169,172,277,-0.0015,0.9137737422756665,1.0,False
111,40,bpe_5000,char,2000,1340,190,214,256,-0.012,0.252472236759992,1.0,False
111,45,word,bpe_500,2000,1362,230,149,259,0.0405,3.724874258567956e-05,0.04779013673742687,True
111,45,word,bpe_1000,2000,1323,269,145,263,0.062,1.1304253332855112e-09,1.6696382172627e-06,True
111,45,word,bpe_2000,2000,1384,208,155,253,0.0265,0.006269138270725061,1.0,False
111,45,word,bpe_5000,2000,1390,202,128,280,0.037,5.479601109777362e-05,0.06926215802758585,False
111,45,word,char,2000,1377,215,166,242,0.0245,0.013822484109252317,1.0,False
111,45,bpe_500,bpe_1000,2000,1312,199,156,333,0.0215,0.025666910882391095,1.0,False
111,45,bpe_500,bpe_2000,2000,1337,174,202,287,-0.014,0.16370811754945044,1.0,False
111,45,bpe_500,bpe_5000,2000,1312,199,206,283,-0.0035,0.7656373086489626,1.0,False
111,45,bpe_500,char,2000,1348,163,195,294,-0.016,0.1012041276518571,1.0,False
111,45,bpe_1000,bpe_2000,2000,1312,156,227,305,-0.0355,0.00033563008162493957,0.3930228255828042,False
111,45,bpe_1000,bpe_5000,2000,1286,182,232,300,-0.025,0.015928221896408596,1.0,False
111,45,bpe_1000,char,2000,1300,168,243,289,-0.0375,0.00025282658769448926,0.30061081276874774,False
111,45,bpe_2000,bpe_5000,2000,1357,182,161,300,0.0105,0.2801683798565689,1.0,False
111,45,bpe_2000,char,2000,1358,181,185,276,-0.002,0.875420169283074,1.0,False
111,45,bpe_5000,char,2000,1317,201,226,256,-0.0125,0.2454305270929432,1.0,False
111,50,word,bpe_500,2000,1330,231,174,265,0.0285,0.005327250825836941,1.0,False
111,50,word,bpe_1000,2000,1276,285,163,276,0.061,8.854776754558382e-09,1.2989957498937146e-05,True
111,50,word,bpe_2000,2000,1336,225,167,272,0.029,0.003933715193343701,1.0,False
111,50,word,bpe_5000,2000,1350,211,148,291,0.0315,0.001039218664080862,1.0,False
111,50,word,char,2000,1348,213,185,254,0.014,0.17585671306090922,1.0,False
111,50,bpe_500,bpe_1000,2000,1276,228,163,333,0.0325,0.0011818732461342167,1.0,False
111,50,bpe_500,bpe_2000,2000,1301,203,202,294,0.0005,1.0,1.0,False
111,50,bpe_500,bpe_5000,2000,1286,218,212,284,0.003,0.8094952502327273,1.0,False
111,50,bpe_500,char,2000,1333,171,200,296,-0.0145,0.14593222953610036,1.0,False
111,50,bpe_1000,bpe_2000,2000,1275,164,228,333,-0.032,0.001431562134976161,1.0,False
111,50,bpe_1000,bpe_5000,2000,1246,193,252,309,-0.0295,0.005907693012640684,1.0,False
111,50,bpe_1000,char,2000,1267,172,266,295,-0.047,8.20264346321599e-06,0.011040758101488723,True
111,50,bpe_2000,bpe_5000,2000,1325,178,173,324,0.0025,0.8309716020852688,1.0,False
111,50,bpe_2000,char,2000,1318,185,215,282,-0.015,0.14696573838544685,1.0,False
111,50,bpe_5000,char,2000,1292,206,241,261,-0.0175,0.10769932925131499,1.0,False
222,0,word,bpe_500,2000,1528,184,94,194,0.045,7.3020736327812e-08,0.00010566100546634397,True
222,0,word,bpe_1000,2000,1540,172,106,182,0.033,9.026609445578024e-05,0.11202022321962328,False
222,0,word,bpe_2000,2000,1572,140,93,195,0.0235,0.0025078453408954975,1.0,False
222,0,word,bpe_5000,2000,1613,99,82,206,0.0085,0.2342451908352397,1.0,False
222,0,word,char,2000,1515,197,90,198,0.0535,2.4522047653173837e-10,3.6341674622003625e-07,True
222,0,bpe_500,bpe_1000,2000,1517,105,129,249,-0.012,0.13252169649103449,1.0,False
222,0,bpe_500,bpe_2000,2000,1522,100,143,235,-0.0215,0.006930917143856752,1.0,False
222,0,bpe_500,bpe_5000,2000,1535,87,160,218,-0.0365,3.966391939079179e-06,0.005445856132355713,True
222,0,bpe_500,char,2000,1487,135,118,260,0.0085,0.3144571282634183,1.0,False
222,0,bpe_1000,bpe_2000,2000,1557,89,108,246,-0.0095,0.19956415336691158,1.0,False
222,0,bpe_1000,bpe_5000,2000,1552,94,143,211,-0.0245,0.0017621642314565166,1.0,False
222,0,bpe_1000,char,2000,1479,167,126,228,0.0205,0.019293658590477318,1.0,False
222,0,bpe_2000,bpe_5000,2000,1586,79,109,226,-0.015,0.034147771570060055,1.0,False
222,0,bpe_2000,char,2000,1497,168,108,227,0.03,0.00036518526604131227,0.4250756496720875,False
222,0,bpe_5000,char,2000,1510,185,95,210,0.045,8.156670529200462e-08,0.00011761918903107066,True
222,5,word,bpe_500,2000,1518,179,99,204,0.04,1.8468634516538352e-06,0.0025726807881537926,True
222,5,word,bpe_1000,2000,1524,173,121,182,0.026,0.002872455144072888,1.0,False
222,5,word,bpe_2000,2000,1561,136,96,207,0.02,0.010298702390910422,1.0,False
222,5,word,bpe_5000,2000,1596,101,84,219,0.0085,0.23937768210630603,1.0,False
222,5,word,char,2000,1497,200,95,208,0.0525,9.413974720985512e-10,1.3913854637616586e-06,True
222,5,bpe_500,bpe_1000,2000,1509,108,136,247,-0.014,0.08368855595138598,1.0,False
222,5,bpe_500,bpe_2000,2000,1519,98,138,245,-0.02,0.01097132788349873,1.0,False
222,5,bpe_500,bpe_5000,2000,1517,100,163,220,-0.0315,0.00012307557831383082,0.15125988574769808,False
222,5,bpe_500,char,2000,1480,137,112,271,0.0125,0.12810769295950206,1.0,False
222,5,bpe_1000,bpe_2000,2000,1547,98,110,245,-0.006,0.4457122209928531,1.0,False
222,5,bpe_1000,bpe_5000,2000,1536,109,144,211,-0.0175,0.03234760563870554,1.0,False
222,5,bpe_1000,char,2000,1466,179,126,229,0.0265,0.002845282042784063,1.0,False
222,5,bpe_2000,bpe_5000,2000,1572,85,108,235,-0.0115,0.11305123144598471,1.0,False
222,5,bpe_2000,char,2000,1479,178,113,230,0.0325,0.0001658535616103137,0.2010145166717002,False
222,5,bpe_5000,char,2000,1485,195,107,213,0.044,4.6414850054990204e-07,0.0006576984252792112,True
222,10,word,bpe_500,2000,1495,190,109,206,0.0405,3.2628988768236716e-06,0.004496274652263019,True
222,10,word,bpe_1000,2000,1501,184,131,184,0.0265,0.003326846526535955,1.0,False
222,10,word,bpe_2000,2000,1540,145,102,213,0.0215,0.007406550365936016,1.0,False
222,10,word,bpe_5000,2000,1580,105,91,224,0.007,0.35314085510666426,1.0,False
222,10,word,char,2000,1494,191,101,214,0.045,1.5331415434768375e-07,0.0002200058114889262,True
222,10,bpe_500,bpe_1000,2000,1485,119,147,249,-0.014,0.09764485501293925,1.0,False
222,10,bpe_500,bpe_2000,2000,1492,112,150,246,-0.019,0.02208170171853056,1.0,False
222,10,bpe_500,bpe_5000,2000,1497,107,174,222,-0.0335,7.669194192817046e-05,0.09578823546828491,False
222,10,bpe_500,char,2000,1463,141,132,264,0.0045,0.6283375482150056,1.0,False
222,10,bpe_1000,bpe_2000,2000,1526,106,116,252,-0.005,0.545913489988783,1.0,False
222,10,bpe_1000,bpe_5000,2000,1520,112,151,217,-0.0195,0.018948763288162,1.0,False
222,10,bpe_1000,char,2000,1456,176,139,229,0.0185,0.04235169571794239,1.0,False
222,10,bpe_2000,bpe_5000,2000,1549,93,122,236,-0.0145,0.05593373643987381,1.0,False
222,10,bpe_2000,char,2000,1471,171,124,234,0.0235,0.007297950219740403,1.0,False
222,10,bpe_5000,char,2000,1479,192,116,213,0.038,1.7554356859718647e-05,0.023171751054828615,True
222,15,word,bpe_500,2000,1474,190,124,212,0.033,0.0002327964793369235,0.27795899632828663,False
222,15,word,bpe_1000,2000,1487,177,142,194,0.0175,0.0567874611954941,1.0,False
222,15,word,bpe_2000,2000,1509,155,117,219,0.019,0.024688440948339635,1.0,False
222,15,word,bpe_5000,2000,1546,118,102,234,0.008,0.31186987623644175,1.0,False
222,15,word,char,2000,1471,193,114,222,0.0395,7.641762764595874e-06,0.01033166325773362,True
222,15,bpe_500,bpe_1000,2000,1478,120,151,251,-0.0155,0.06820129335098726,1.0,False
222,15,bpe_500,bpe_2000,2000,1472,126,154,248,-0.014,0.10645600220831411,1.0,False
222,15,bpe_500,bpe_5000,2000,1472,126,176,226,-0.025,0.00472671365832908,1.0,False
222,15,bpe_500,char,2000,1449,149,136,266,0.0065,0.47726100659631343,1.0,False
222,15,bpe_1000,bpe_2000,2000,1506,123,120,251,0.0015,0.8979459671391152,1.0,False
222,15,bpe_1000,bpe_5000,2000,1493,136,155,216,-0.0095,0.2913285316169513,1.0,False
222,15,bpe_1000,char,2000,1445,184,140,231,0.022,0.016766071736229723,1.0,False
222,15,bpe_2000,bpe_5000,2000,1517,109,131,243,-0.011,0.1751191862977773,1.0,False
222,15,bpe_2000,char,2000,1447,179,138,236,0.0205,0.02451081712378786,1.0,False
222,15,bpe_5000,char,2000,1453,195,132,220,0.0315,0.0005857491068146981,0.6648252362346824,False
222,20,word,bpe_500,2000,1467,181,133,219,0.024,0.007892253907695174,1.0,False
222,20,word,bpe_1000,2000,1462,186,157,195,0.0145,0.13044991903039707,1.0,False
222,20,word,bpe_2000,2000,1495,153,123,229,0.015,0.08069354324495846,1.0,False
222,20,word,bpe_5000,2000,1531,117,110,242,0.0035,0.6905490717774196,1.0,False
222,20,word,char,2000,1444,204,122,230,0.041,6.52528020855101e-06,0.00884175468258662,True
222,20,bpe_500,bpe_1000,2000,1463,137,156,244,-0.0095,0.2929823745694831,1.0,False
222,20,bpe_500,bpe_2000,2000,1469,131,149,251,-0.009,0.309651936684489,1.0,False
222,20,bpe_500,bpe_5000,2000,1466,134,175,225,-0.0205,0.022720716177490594,1.0,False
222,20,bpe_500,char,2000,1437,163,129,271,0.017,0.05327460498429627,1.0,False
222,20,bpe_1000,bpe_2000,2000,1496,123,122,259,0.0005,0.9999999999999991,1.0,False
222,20,bpe_1000,bpe_5000,2000,1475,144,166,215,-0.011,0.2329264515787903,1.0,False
222,20,bpe_1000,char,2000,1419,200,147,234,0.0265,0.0051724025227147885,1.0,False
222,20,bpe_2000,bpe_5000,2000,1513,105,128,254,-0.0115,0.14935248220520644,1.0,False
222,20,bpe_2000,char,2000,1430,188,136,246,0.026,0.004532614774411981,1.0,False
222,20,bpe_5000,char,2000,1434,207,132,227,0.0375,5.475052560324903e-05,0.06925941488811002,False
222,25,word,bpe_500,2000,1440,196,138,226,0.029,0.0017734371619576917,1.0,False
222,25,word,bpe_1000,2000,1432,204,160,204,0.022,0.024075209597344667,1.0,False
222,25,word,bpe_2000,2000,1474,162,126,238,0.018,0.03898503799177169,1.0,False
222,25,word,bpe_5000,2000,1509,127,118,246,0.0045,0.6093708144344219,1.0,False
222,25,word,char,2000,1429,207,131,233,0.038,4.212920210542887e-05,0.0538411202907381,False
222,25,bpe_500,bpe_1000,2000,1428,150,164,258,-0.007,0.4632281435178702,1.0,False
222,25,bpe_500,bpe_2000,2000,1433,145,167,255,-0.011,0.23443135723757424,1.0,False
222,25,bpe_500,bpe_5000,2000,1432,146,195,227,-0.0245,0.009240451782859177,1.0,False
222,25,bpe_500,char,2000,1412,166,148,274,0.009,0.3373854033502651,1.0,False
222,25,bpe_1000,bpe_2000,2000,1454,138,146,262,-0.004,0.6779427203063522,1.0,False
222,25,bpe_1000,bpe_5000,2000,1441,151,186,222,-0.0175,0.06385172657857457,1.0,False
222,25,bpe_1000,char,2000,1385,207,175,233,0.016,0.11259813300731157,1.0,False
222,25,bpe_2000,bpe_5000,2000,1484,116,143,257,-0.0135,0.10600805049742434,1.0,False
222,25,bpe_2000,char,2000,1415,185,145,255,0.02,0.03164673470771353,1.0,False
222,25,bpe_5000,char,2000,1423,204,137,236,0.0335,0.0003376915199793826,0.39509907837587765,False
222,30,word,bpe_500,2000,1421,201,150,228,0.0255,0.007524139788171194,1.0,False
222,30,word,bpe_1000,2000,1402,220,161,217,0.0295,0.0029150139850141568,1.0,False
222,30,word,bpe_2000,2000,1445,177,141,237,0.018,0.04950987218572407,1.0,False
222,30,word,bpe_5000,2000,1489,133,128,250,0.0025,0.8045064786434784,1.0,False
222,30,word,char,2000,1407,215,142,236,0.0365,0.00013191744972530632,0.16133504101404963,False
222,30,bpe_500,bpe_1000,2000,1405,166,158,271,0.004,0.6974214781686124,1.0,False
222,30,bpe_500,bpe_2000,2000,1414,157,172,257,-0.0075,0.44025356702161933,1.0,False
222,30,bpe_500,bpe_5000,2000,1413,158,204,225,-0.023,0.017900902717329623,1.0,False
222,30,bpe_500,char,2000,1399,172,150,279,0.011,0.24184198101503587,1.0,False
222,30,bpe_1000,bpe_2000,2000,1421,142,165,272,-0.0115,0.20918783295077215,1.0,False
222,30,bpe_1000,bpe_5000,2000,1409,154,208,229,-0.027,0.005271037585646316,1.0,False
222,30,bpe_1000,char,2000,1354,209,195,242,0.007,0.5178286548732628,1.0,False
222,30,bpe_2000,bpe_5000,2000,1461,125,156,258,-0.0155,0.07332187376475092,1.0,False
222,30,bpe_2000,char,2000,1392,194,157,257,0.0185,0.05450900681536948,1.0,False
222,30,bpe_5000,char,2000,1404,213,145,238,0.034,0.00038421800393279785,0.4453086665581127,False
222,35,word,bpe_500,2000,1380,215,167,238,0.024,0.016073122881439663,1.0,False
222,35,word,bpe_1000,2000,1367,228,171,234,0.0285,0.0049919766033125765,1.0,False
222,35,word,bpe_2000,2000,1409,186,144,261,0.021,0.023863446248898766,1.0,False
222,35,word,bpe_5000,2000,1456,139,140,265,-0.0005,1.0,1.0,False
222,35,word,char,2000,1379,216,163,242,0.0265,0.007479901964714642,1.0,False
222,35,bpe_500,bpe_1000,2000,1373,174,165,288,0.0045,0.6639883747317784,1.0,False
222,35,bpe_500,bpe_2000,2000,1371,176,182,271,-0.003,0.791625235352529,1.0,False
222,35,bpe_500,bpe_5000,2000,1382,165,214,239,-0.0245,0.013573262940612254,1.0,False
222,35,bpe_500,char,2000,1383,164,159,294,0.0025,0.8239160164873601,1.0,False
222,35,bpe_1000,bpe_2000,2000,1384,154,169,293,-0.0075,0.4360380800837742,1.0,False
222,35,bpe_1000,bpe_5000,2000,1379,159,217,245,-0.029,0.0032340434641950876,1.0,False
222,35,bpe_1000,char,2000,1333,205,209,253,-0.002,0.882806186687275,1.0,False
222,35,bpe_2000,bpe_5000,2000,1428,125,168,279,-0.0215,0.014002697034657159,1.0,False
222,35,bpe_2000,char,2000,1355,198,187,260,0.0055,0.6103561707325481,1.0,False
222,35,bpe_5000,char,2000,1376,220,166,238,0.027,0.006906716173082757,1.0,False
222,40,word,bpe_500,2000,1335,223,198,244,0.0125,0.24209229982109656,1.0,False
222,40,word,bpe_1000,2000,1320,238,199,243,0.0195,0.0689745140416736,1.0,False
222,40,word,bpe_2000,2000,1357,201,166,276,0.0175,0.07579005130564623,1.0,False
222,40,word,bpe_5000,2000,1386,172,164,278,0.004,0.7026097196554464,1.0,False
222,40,word,char,2000,1342,216,195,247,0.0105,0.32387739080244127,1.0,False
222,40,bpe_500,bpe_1000,2000,1344,189,175,292,0.007,0.4956810815749624,1.0,False
222,40,bpe_500,bpe_2000,2000,1330,203,193,274,0.005,0.6511314199789326,1.0,False
222,40,bpe_500,bpe_5000,2000,1337,196,213,254,-0.0085,0.42889251430743025,1.0,False
222,40,bpe_500,char,2000,1358,175,179,288,-0.002,0.8733447035607342,1.0,False
222,40,bpe_1000,bpe_2000,2000,1348,171,175,306,-0.002,0.8719020111644478,1.0,False
222,40,bpe_1000,bpe_5000,2000,1332,187,218,263,-0.0155,0.13593872219195302,1.0,False
222,40,bpe_1000,char,2000,1313,206,224,257,-0.009,0.41235283810222767,1.0,False
222,40,bpe_2000,bpe_5000,2000,1386,137,164,313,-0.0135,0.1338394472446145,1.0,False
222,40,bpe_2000,char,2000,1318,205,219,258,-0.007,0.5278700412989348,1.0,False
222,40,bpe_5000,char,2000,1336,214,201,249,0.0065,0.5558752439908863,1.0,False
222,45,word,bpe_500,2000,1287,225,228,260,-0.0015,0.9251480735859585,1.0,False
222,45,word,bpe_1000,2000,1273,239,229,259,0.005,0.6774365952844763,1.0,False
222,45,word,bpe_2000,2000,1307,205,193,295,0.006,0.5814284469308009,1.0,False
222,45,word,bpe_5000,2000,1332,180,194,294,-0.007,0.5015001026483207,1.0,False
222,45,word,char,2000,1300,212,225,263,-0.0065,0.5659921038548632,1.0,False
222,45,bpe_500,bpe_1000,2000,1321,194,181,304,0.0065,0.5355264536321565,1.0,False
222,45,bpe_500,bpe_2000,2000,1307,208,193,292,0.0075,0.4845196367670207,1.0,False
222,45,bpe_500,bpe_5000,2000,1307,208,219,266,-0.0055,0.6284843289441898,1.0,False
222,45,bpe_500,char,2000,1335,180,190,295,-0.005,0.6399240484417608,1.0,False
222,45,bpe_1000,bpe_2000,2000,1323,179,177,321,0.001,0.957741888875997,1.0,False
222,45,bpe_1000,bpe_5000,2000,1302,200,224,274,-0.012,0.2639804269101718,1.0,False
222,45,bpe_1000,char,2000,1299,203,226,272,-0.0115,0.2881467755075706,1.0,False
222,45,bpe_2000,bpe_5000,2000,1353,147,173,327,-0.013,0.16214646856221077,1.0,False
222,45,bpe_2000,char,2000,1295,205,230,270,-0.0125,0.2498215960877963,1.0,False
222,45,bpe_5000,char,2000,1305,221,220,254,0.0005,0.9999999999999996,1.0,False
222,50,word,bpe_500,2000,1246,229,238,287,-0.0045,0.7112791931697761,1.0,False
222,50,word,bpe_1000,2000,1219,256,254,271,0.001,0.964686392624756,1.0,False
222,50,word,bpe_2000,2000,1264,211,211,314,0.0,1.0,1.0,False
222,50,word,bpe_5000,2000,1300,175,208,317,-0.0165,0.10189830227796207,1.0,False
222,50,word,char,2000,1266,209,251,274,-0.021,0.05580491995442228,1.0,False
222,50,bpe_500,bpe_1000,2000,1284,200,189,327,0.0055,0.6121976029020331,1.0,False
222,50,bpe_500,bpe_2000,2000,1261,223,214,302,0.0045,0.7019945926332313,1.0,False
222,50,bpe_500,bpe_5000,2000,1268,216,240,276,-0.012,0.28143350735173706,1.0,False
222,50,bpe_500,char,2000,1317,167,200,316,-0.0165,0.09470861501258138,1.0,False
222,50,bpe_1000,bpe_2000,2000,1284,189,191,336,-0.001,0.9590963048063914,1.0,False
222,50,bpe_1000,bpe_5000,2000,1274,199,234,293,-0.0175,0.10216205495732565,1.0,False
222,50,bpe_1000,char,2000,1274,199,243,284,-0.022,0.040704025621042556,1.0,False
222,50,bpe_2000,bpe_5000,2000,1325,150,183,342,-0.0165,0.0793446203057077,1.0,False
222,50,bpe_2000,char,2000,1268,207,249,276,-0.021,0.05473857810314344,1.0,False
222,50,bpe_5000,char,2000,1283,225,234,258,-0.0045,0.7088883640627622,1.0,False
333,0,word,bpe_500,2000,1531,172,89,208,0.0415,3.0992442717507083e-07,0.00044164230872447595,True
333,0,word,bpe_1000,2000,1527,176,99,198,0.0385,3.9967595203437515e-06,0.005483554061911627,True
333,0,word,bpe_2000,2000,1555,148,83,214,0.0325,2.2648514637272614e-05,0.029669554174827126,True
333,0,word,bpe_5000,2000,1589,114,72,225,0.021,0.0025505192526799423,1.0,False
333,0,word,char,2000,1536,167,99,198,0.034,3.644251430279622e-05,0.04679218836479035,True
333,0,bpe_500,bpe_1000,2000,1508,112,118,262,-0.003,0.7417150560659568,1.0,False
333,0,bpe_500,bpe_2000,2000,1493,127,145,235,-0.009,0.302637119485995,1.0,False
333,0,bpe_500,bpe_5000,2000,1503,117,158,222,-0.0205,0.01570768535850715,1.0,False
333,0,bpe_500,char,2000,1495,125,140,240,-0.0075,0.3898213933200047,1.0,False
333,0,bpe_1000,bpe_2000,2000,1503,123,135,239,-0.006,0.4935260660126503,1.0,False
333,0,bpe_1000,bpe_5000,2000,1508,118,153,221,-0.0175,0.038693030796880135,1.0,False
333,0,bpe_1000,char,2000,1486,140,149,225,-0.0045,0.6380107582930503,1.0,False
333,0,bpe_2000,bpe_5000,2000,1540,98,121,241,-0.0115,0.13693395004631195,1.0,False
333,0,bpe_2000,char,2000,1493,145,142,220,0.0015,0.9060499918114496,1.0,False
333,0,bpe_5000,char,2000,1490,171,145,194,0.013,0.15950985090995634,1.0,False
333,5,word,bpe_500,2000,1523,169,88,220,0.0405,4.895465423610337e-07,0.0006931979039832237,True
333,5,word,bpe_1000,2000,1508,184,107,201,0.0385,7.469178117077527e-06,0.010105797992405893,True
333,5,word,bpe_2000,2000,1544,148,90,218,0.029,0.0002060542152723415,0.2478832209726268,False
333,5,word,bpe_5000,2000,1578,114,81,227,0.0165,0.021689171890619904,1.0,False
333,5,word,char,2000,1521,171,101,207,0.035,2.606187397635431e-05,0.03385437429528425,True
333,5,bpe_500,bpe_1000,2000,1490,121,125,264,-0.002,0.8483609021957906,1.0,False
333,5,bpe_500,bpe_2000,2000,1485,126,149,240,-0.0115,0.18452377437879494,1.0,False
333,5,bpe_500,bpe_5000,2000,1495,116,164,225,-0.024,0.004883738258482804,1.0,False
333,5,bpe_500,char,2000,1482,129,140,249,-0.0055,0.5421327293868392,1.0,False
333,5,bpe_1000,bpe_2000,2000,1491,124,143,242,-0.0095,0.2706121295023089,1.0,False
333,5,bpe_1000,bpe_5000,2000,1495,120,164,221,-0.022,0.01059625757398703,1.0,False
333,5,bpe_1000,char,2000,1463,152,159,226,-0.0035,0.7337452638803126,1.0,False
333,5,bpe_2000,bpe_5000,2000,1536,98,123,243,-0.0125,0.10622547237438351,1.0,False
333,5,bpe_2000,char,2000,1483,151,139,227,0.006,0.51838742462759,1.0,False
333,5,bpe_5000,char,2000,1483,176,139,202,0.0185,0.04235169571794239,1.0,False
333,10,word,bpe_500,2000,1514,174,94,218,0.04,1.1724670720857674e-06,0.0016473162362805032,True
333,10,word,bpe_1000,2000,1502,186,100,212,0.043,4.12980512593356e-07,0.0005856063668573788,True
333,10,word,bpe_2000,2000,1534,154,99,213,0.0275,0.0006570091756164077,0.7424203684465407,False
333,10,word,bpe_5000,2000,1562,126,89,223,0.0185,0.013893316457463521,1.0,False
333,10,word,char,2000,1500,188,100,212,0.044,2.400245201873364e-07,0.0003429950393477037,True
333,10,bpe_500,bpe_1000,2000,1477,131,125,267,0.003,0.754730748088992,1.0,False
333,10,bpe_500,bpe_2000,2000,1474,134,159,233,-0.0125,0.16077212277621408,1.0,False
333,10,bpe_500,bpe_5000,2000,1481,127,170,222,-0.0215,0.014667449113253609,1.0,False
333,10,bpe_500,char,2000,1464,144,136,256,0.004,0.6757814111963596,1.0,False
333,10,bpe_1000,bpe_2000,2000,1482,120,151,247,-0.0155,0.06820129335098726,1.0,False
333,10,bpe_1000,bpe_5000,2000,1475,127,176,222,-0.0245,0.005734637494089727,1.0,False
333,10,bpe_1000,char,2000,1444,158,156,242,0.001,0.9550086046795534,1.0,False
333,10,bpe_2000,bpe_5000,2000,1526,107,125,242,-0.009,0.26433603640604203,1.0,False
333,10,bpe_2000,char,2000,1463,170,137,230,0.0165,0.06762505089189591,1.0,False
333,10,bpe_5000,char,2000,1463,188,137,212,0.0255,0.005464413409072697,1.0,False
333,15,word,bpe_500,2000,1500,191,96,213,0.0475,2.1608585839531314e-08,3.152692673987619e-05,True
333,15,word,bpe_1000,2000,1494,197,101,208,0.048,2.8564438428055952e-08,4.15041290359653e-05,True
333,15,word,bpe_2000,2000,1523,168,95,214,0.0365,7.940832472783089e-06,0.010700292456178298,True
333,15,word,bpe_5000,2000,1544,147,82,227,0.0325,2.0812496646250353e-05,0.027305995599880464,True
333,15,word,char,2000,1496,195,99,210,0.048,2.2836945725002502e-08,3.329626686705365e-05,True
333,15,bpe_500,bpe_1000,2000,1464,132,131,273,0.0005,0.9999999999999989,1.0,False
333,15,bpe_500,bpe_2000,2000,1450,146,168,236,-0.011,0.23592860936909518,1.0,False
333,15,bpe_500,bpe_5000,2000,1455,141,171,233,-0.015,0.10047690609095605,1.0,False
333,15,bpe_500,char,2000,1454,142,141,263,0.0005,0.9999999999999993,1.0,False
333,15,bpe_1000,bpe_2000,2000,1465,130,153,252,-0.0115,0.19086086094510224,1.0,False
333,15,bpe_1000,bpe_5000,2000,1451,144,175,230,-0.0155,0.09286439816700377,1.0,False
333,15,bpe_1000,char,2000,1432,163,163,242,0.0,1.0,1.0,False
333,15,bpe_2000,bpe_5000,2000,1494,124,132,250,-0.004,0.6618328607844557,1.0,False
333,15,bpe_2000,char,2000,1443,175,152,230,0.0115,0.22369908270088362,1.0,False
333,15,bpe_5000,char,2000,1439,187,156,218,0.0155,0.10512763633460168,1.0,False
333,20,word,bpe_500,2000,1484,195,102,219,0.0465,7.404368083191406e-08,0.00010706716248294773,True
333,20,word,bpe_1000,2000,1481,198,108,213,0.045,3.001169881562595e-07,0.0004279668251108261,True
333,20,word,bpe_2000,2000,1506,173,99,222,0.037,8.500742145835405e-06,0.011433498186148621,True
333,20,word,bpe_5000,2000,1520,159,90,231,0.0345,1.4551218675024725e-05,0.01930946718175781,True
333,20,word,char,2000,1477,202,113,208,0.0445,6.035358601716874e-07,0.0008521926345624227,True
333,20,bpe_500,bpe_1000,2000,1453,133,136,278,-0.0015,0.9029744638059516,1.0,False
333,20,bpe_500,bpe_2000,2000,1431,155,174,240,-0.0095,0.3210183830178663,1.0,False
333,20,bpe_500,bpe_5000,2000,1437,149,173,241,-0.012,0.19985939300742722,1.0,False
333,20,bpe_500,char,2000,1441,145,149,265,-0.002,0.8611462372900243,1.0,False
333,20,bpe_1000,bpe_2000,2000,1456,133,149,262,-0.008,0.37175952768072584,1.0,False
333,20,bpe_1000,bpe_5000,2000,1436,153,174,237,-0.0105,0.2686986313239079,1.0,False
333,20,bpe_1000,char,2000,1419,170,171,240,-0.0005,1.0,1.0,False
333,20,bpe_2000,bpe_5000,2000,1469,136,141,254,-0.0025,0.8101223414311575,1.0,False
333,20,bpe_2000,char,2000,1425,180,165,230,0.0075,0.4510562459731444,1.0,False
333,20,bpe_5000,char,2000,1420,190,170,220,0.01,0.31663939286564075,1.0,False
333,25,word,bpe_500,2000,1462,199,107,232,0.046,1.6033176857121365e-07,0.00022975542436254917,True
333,25,word,bpe_1000,2000,1450,211,118,221,0.0465,3.3109920396895494e-07,0.0004711541672478229,True
333,25,word,bpe_2000,2000,1476,185,107,232,0.039,5.855070030917541e-06,0.007962895242047855,True
333,25,word,bpe_5000,2000,1505,156,102,237,0.027,0.0009318393275174246,1.0,False
333,25,word,char,2000,1463,198,128,211,0.035,0.00012553065732449282,0.1540261165371527,False
333,25,bpe_500,bpe_1000,2000,1410,159,158,273,0.0005,1.0,1.0,False
333,25,bpe_500,bpe_2000,2000,1404,165,179,252,-0.007,0.4834116536507962,1.0,False
333,25,bpe_500,bpe_5000,2000,1415,154,192,239,-0.019,0.04653001650267533,1.0,False
333,25,bpe_500,char,2000,1427,142,164,267,-0.011,0.22989350149904303,1.0,False
333,25,bpe_1000,bpe_2000,2000,1421,147,162,270,-0.0075,0.42582710150823017,1.0,False
333,25,bpe_1000,bpe_5000,2000,1404,164,203,229,-0.0195,0.04715453455343232,1.0,False
333,25,bpe_1000,char,2000,1399,169,192,240,-0.0115,0.2468701597427054,1.0,False
333,25,bpe_2000,bpe_5000,2000,1443,140,164,253,-0.012,0.18703301164393188,1.0,False
333,25,bpe_2000,char,2000,1410,173,181,236,-0.004,0.7099151967035057,1.0,False
333,25,bpe_5000,char,2000,1411,196,180,213,0.008,0.43922864231291503,1.0,False
333,30,word,bpe_500,2000,1445,203,116,236,0.0435,1.2741626160599968e-06,0.0017876501503321755,True
333,30,word,bpe_1000,2000,1419,229,129,223,0.05,1.399132540142742e-07,0.00020091543276449776,True
333,30,word,bpe_2000,2000,1446,202,118,234,0.042,3.0821303804208345e-06,0.004256422055361172,True
333,30,word,bpe_5000,2000,1476,172,115,237,0.0285,0.0009156590883409375,1.0,False
333,30,word,char,2000,1455,193,138,214,0.0275,0.0029394515441761803,1.0,False
333,30,bpe_500,bpe_1000,2000,1384,177,164,275,0.0065,0.5158575914122101,1.0,False
333,30,bpe_500,bpe_2000,2000,1390,171,174,265,-0.0015,0.9142728843946688,1.0,False
333,30,bpe_500,bpe_5000,2000,1386,175,205,234,-0.015,0.1367339551624747,1.0,False
333,30,bpe_500,char,2000,1420,141,173,266,-0.016,0.08005109637327304,1.0,False
333,30,bpe_1000,bpe_2000,2000,1392,156,172,280,-0.008,0.4075745384205729,1.0,False
333,30,bpe_1000,bpe_5000,2000,1372,176,219,233,-0.0215,0.03444701176631456,1.0,False
333,30,bpe_1000,char,2000,1389,159,204,248,-0.0225,0.02079369657033816,1.0,False
333,30,bpe_2000,bpe_5000,2000,1411,153,180,256,-0.0135,0.1541115257845652,1.0,False
333,30,bpe_2000,char,2000,1398,166,195,241,-0.0145,0.14045935551164918,1.0,False
333,30,bpe_5000,char,2000,1398,193,195,214,-0.001,0.9595196396307418,1.0,False
333,35,word,bpe_500,2000,1411,211,132,246,0.0395,2.346708894863923e-05,0.030688459066446568,True
333,35,word,bpe_1000,2000,1376,246,140,238,0.053,7.571881951696355e-08,0.00010941369420201234,True
333,35,word,bpe_2000,2000,1411,211,129,249,0.041,1.0196793981250005e-05,0.013653507140893757,True
333,35,word,bpe_5000,2000,1441,181,125,253,0.028,0.0016224627058029537,1.0,False
333,35,word,char,2000,1427,195,156,222,0.0195,0.04237742770163893,1.0,False
333,35,bpe_500,bpe_1000,2000,1355,188,161,296,0.0135,0.16390454753018274,1.0,False
333,35,bpe_500,bpe_2000,2000,1361,182,179,278,0.0015,0.9161861394534284,1.0,False
333,35,bpe_500,bpe_5000,2000,1358,185,208,249,-0.0115,0.26708220847031744,1.0,False
333,35,bpe_500,char,2000,1402,141,181,276,-0.02,0.029593487694012828,1.0,False
333,35,bpe_1000,bpe_2000,2000,1350,166,190,294,-0.012,0.2227927912563717,1.0,False
333,35,bpe_1000,bpe_5000,2000,1336,180,230,254,-0.025,0.015421021671461307,1.0,False
333,35,bpe_1000,char,2000,1365,151,218,266,-0.0335,0.0005725307555326229,0.6515399997961249,False
333,35,bpe_2000,bpe_5000,2000,1385,155,181,279,-0.013,0.17251969089785807,1.0,False
333,35,bpe_2000,char,2000,1371,169,212,248,-0.0215,0.031284117975744735,1.0,False
333,35,bpe_5000,char,2000,1372,194,211,223,-0.0085,0.42662186151834236,1.0,False
333,40,word,bpe_500,2000,1380,227,148,245,0.0395,5.305445447718433e-05,0.06727304827706973,False
333,40,word,bpe_1000,2000,1349,258,137,256,0.0605,1.1678368342193649e-09,1.7237271673077826e-06,True
333,40,word,bpe_2000,2000,1383,224,132,261,0.046,1.2425028888912608e-06,0.0017444740560033302,True
333,40,word,bpe_5000,2000,1401,206,126,267,0.04,1.3278445980510474e-05,0.017713446938000973,True
333,40,word,char,2000,1410,197,162,231,0.0175,0.07259351184180632,1.0,False
333,40,bpe_500,bpe_1000,2000,1317,211,169,303,0.021,0.03530521051316727,1.0,False
333,40,bpe_500,bpe_2000,2000,1320,208,195,277,0.0065,0.550051677978369,1.0,False
333,40,bpe_500,bpe_5000,2000,1313,215,214,258,0.0005,1.0,1.0,False
333,40,bpe_500,char,2000,1377,151,195,277,-0.022,0.020660859665079252,1.0,False
333,40,bpe_1000,bpe_2000,2000,1311,175,204,310,-0.0145,0.15026359967847144,1.0,False
333,40,bpe_1000,bpe_5000,2000,1284,202,243,271,-0.0205,0.05781403066280285,1.0,False
333,40,bpe_1000,char,2000,1325,161,247,267,-0.043,2.413737101750392e-05,0.03145099443580761,True
333,40,bpe_2000,bpe_5000,2000,1343,172,184,301,-0.006,0.5599551083046967,1.0,False
333,40,bpe_2000,char,2000,1347,168,225,260,-0.0285,0.004668828556110925,1.0,False
333,40,bpe_5000,char,2000,1338,189,234,239,-0.0225,0.03228486732912719,1.0,False
333,45,word,bpe_500,2000,1353,230,149,268,0.0405,3.724874258567956e-05,0.04779013673742687,True
333,45,word,bpe_1000,2000,1305,278,147,270,0.0655,2.0767283660139368e-10,3.0797881667986684e-07,True
333,45,word,bpe_2000,2000,1349,234,143,274,0.0455,3.2136490414242063e-06,0.00443162202812398,True
333,45,word,bpe_5000,2000,1352,231,140,277,0.0455,2.6672221929969426e-06,0.0036941027373007655,True
333,45,word,char,2000,1385,198,178,239,0.01,0.3271647298765607,1.0,False
333,45,bpe_500,bpe_1000,2000,1283,219,169,329,0.025,0.012760475936577316,1.0,False
333,45,bpe_500,bpe_2000,2000,1287,215,205,293,0.005,0.660600381295117,1.0,False
333,45,bpe_500,bpe_5000,2000,1275,227,217,281,0.005,0.6693390534710847,1.0,False
333,45,bpe_500,char,2000,1351,151,212,286,-0.0305,0.0016011690028568698,1.0,False
333,45,bpe_1000,bpe_2000,2000,1266,186,226,322,-0.02,0.05455033541343261,1.0,False
333,45,bpe_1000,bpe_5000,2000,1235,217,257,291,-0.02,0.07312880532441336,1.0,False
333,45,bpe_1000,char,2000,1291,161,272,276,-0.0555,1.0704688655973191e-07,0.00015404046975945422,True
333,45,bpe_2000,bpe_5000,2000,1304,188,188,320,0.0,1.0,1.0,False
333,45,bpe_2000,char,2000,1321,171,242,266,-0.0355,0.0005562319163409672,0.6341043846287027,False
333,45,bpe_5000,char,2000,1302,190,261,247,-0.0355,0.0009591877545329432,1.0,False
333,50,word,bpe_500,2000,1293,252,181,274,0.0355,0.000749699201810154,0.8389134068255624,False
333,50,word,bpe_1000,2000,1250,295,174,281,0.0605,2.5321538497974863e-08,3.684283851455343e-05,True
333,50,word,bpe_2000,2000,1288,257,176,279,0.0405,0.00011578704248508408,0.1425338492991385,False
333,50,word,bpe_5000,2000,1299,246,163,292,0.0415,4.750320574045274e-05,0.06051908411333679,False
333,50,word,char,2000,1331,214,206,249,0.004,0.73272349565976,1.0,False
333,50,bpe_500,bpe_1000,2000,1237,237,187,339,0.025,0.017226341944087505,1.0,False
333,50,bpe_500,bpe_2000,2000,1245,229,219,307,0.005,0.6707309886927976,1.0,False
333,50,bpe_500,bpe_5000,2000,1229,245,233,293,0.006,0.6149203232763124,1.0,False
333,50,bpe_500,char,2000,1305,169,232,294,-0.0315,0.0019241012564222236,1.0,False
333,50,bpe_1000,bpe_2000,2000,1228,196,236,340,-0.02,0.0604766248878227,1.0,False
333,50,bpe_1000,bpe_5000,2000,1190,234,272,304,-0.019,0.09990529127264636,1.0,False
333,50,bpe_1000,char,2000,1236,188,301,275,-0.0565,3.6471741920597153e-07,0.0005178987352724795,True
333,50,bpe_2000,bpe_5000,2000,1268,196,194,342,0.001,0.9596234354265613,1.0,False
333,50,bpe_2000,char,2000,1279,185,258,278,-0.0365,0.0006085472218769411,0.6900925496084511,False
333,50,bpe_5000,char,2000,1260,202,277,261,-0.0375,0.0007057491637045453,0.793262060003909,False
