sample_id,split,class_index
4383,train,2
3015,train,4
10805,train,2
1321,train,1
6050,train,2
10102,train,3
2007,train,2
9978,train,4
11836,train,4
1447,train,1
1208,train,1
10109,train,4
10726,train,3
226,train,4
13600,train,2
265,train,4
7265,train,2
9105,train,4
10040,train,4
2085,train,2
12432,train,1
7313,train,4
9395,train,4
5031,train,2
4200,train,4
7188,train,2
631,train,1
2408,train,1
7992,train,3
2611,train,3
57,train,3
8246,train,1
7171,train,2
4532,train,4
3705,train,3
1935,train,1
10907,train,1
5665,train,2
300,train,4
5611,train,2
8919,train,2
9820,train,4
152,train,4
870,train,2
11189,train,3
12141,train,1
4853,train,4
13995,train,2
776,train,1
7537,train,1
3868,train,2
12512,train,1
8852,train,1
6840,train,2
3937,train,1
9690,train,4
2638,train,3
8514,train,2
7133,train,3
5650,train,4
4318,train,4
9207,train,3
4045,train,4
5826,train,2
10107,train,3
6296,train,1
9156,train,4
3874,train,1
9525,train,1
14582,train,3
8086,train,1
10324,train,2
11156,train,4
4064,train,2
6346,train,2
5298,train,1
13191,train,4
4621,train,2
10048,train,2
13920,train,2
1080,train,1
5743,train,2
4511,train,3
3689,train,1
10911,train,3
4291,train,4
6516,train,3
7843,train,3
11279,train,3
9382,train,4
14584,train,3
1216,train,3
13328,train,2
11083,train,1
13236,train,2
9635,train,1
9255,train,1
9384,train,4
1824,train,3
10290,train,1
8350,train,3
7262,train,3
1867,train,1
11962,train,4
1511,train,4
5042,train,1
7467,train,3
10839,train,4
3294,train,3
12852,train,1
4177,train,1
11568,train,4
13689,train,2
9554,train,1
407,train,4
4386,train,2
3555,train,3
11659,train,3
9198,train,3
2084,train,3
6874,train,3
9886,train,4
10872,train,2
4088,train,1
12825,train,1
4107,train,3
942,train,1
10629,train,4
7790,train,2
13893,train,2
1367,train,4
6674,train,2
2714,train,3
10303,train,2
2454,train,2
8432,train,4
6290,train,3
5706,train,1
753,train,1
632,train,1
12609,train,4
10352,train,3
2531,train,1
12297,train,2
3753,train,3
12051,train,3
9502,train,3
12649,train,2
13289,train,2
2445,train,4
33,train,3
7414,train,1
5620,train,1
1047,train,1
6161,train,3
13627,train,2
12681,train,4
166,train,4
3539,train,1
6772,train,2
7545,train,2
2025,train,2
12770,train,2
3861,train,3
11785,train,3
6102,train,2
643,train,2
499,train,1
6423,train,1
12457,train,1
13434,train,2
2879,train,4
2759,train,4
1201,train,4
3148,train,4
7980,train,4
7334,train,3
2464,train,1
2305,train,3
13272,train,2
2922,train,4
12324,train,4
6115,train,2
3714,train,1
3115,train,2
1124,train,1
5594,train,1
14030,train,2
11606,train,4
1141,train,1
569,train,1
2934,train,3
7785,train,3
671,train,3
6320,train,4
12615,train,2
7386,train,2
10942,train,2
2368,train,2
5344,train,1
3790,train,4
4342,train,2
9416,train,4
6337,train,2
10552,train,4
6187,train,2
341,train,4
10507,train,4
12361,train,2
13604,train,2
7148,train,2
3197,train,3
1854,train,4
10373,train,2
8294,train,4
3149,train,4
12981,train,1
4512,train,3
6507,train,1
13749,train,2
11004,train,4
5280,train,4
2649,train,1
3623,train,3
11892,train,4
10859,train,3
11841,train,1
3036,train,1
5633,train,3
13530,train,2
4921,train,2
7266,train,2
12301,train,4
5724,train,2
13012,train,1
13002,train,2
3024,train,2
1872,train,3
914,train,1
13318,train,2
7858,train,3
2897,train,4
3867,train,4
8540,train,2
8363,train,3
4071,train,2
2,train,3
12541,train,3
4552,train,3
11977,train,3
3737,train,3
11391,train,4
2764,train,1
8372,train,2
13229,train,1
4268,train,2
10230,train,2
8834,train,4
4280,train,1
13094,train,3
3723,train,1
13443,train,3
9370,train,4
7457,train,2
7547,train,4
8108,train,2
750,train,1
5535,train,2
25,train,3
2963,train,1
4705,train,2
7791,train,2
6648,train,2
7559,train,1
10004,train,3
2709,train,3
4792,train,1
13343,train,2
394,train,4
6180,train,1
3658,train,3
3008,train,4
12868,train,2
4898,train,2
3761,train,2
577,train,1
537,train,1
206,train,4
7632,train,4
10518,train,1
6612,train,2
8939,train,2
11120,train,3
4260,train,3
12373,train,2
11219,train,1
53,train,3
4429,train,4
2480,train,1
9089,train,4
12466,train,4
7374,train,2
11105,train,1
12827,train,1
7815,train,4
3387,train,2
10382,train,1
2247,train,3
10704,train,2
9662,train,4
2220,train,3
13597,train,2
7526,train,4
2037,train,3
8734,train,2
13121,train,1
3924,train,4
1496,train,3
1319,train,2
13499,train,2
201,train,4
11559,train,3
7542,train,4
9860,train,2
2411,train,3
3679,train,1
4455,train,3
7880,train,3
8876,train,1
5712,train,3
8260,train,3
10241,train,4
3931,train,4
11353,train,4
13460,train,1
11134,train,1
13336,train,1
13866,train,3
13582,train,1
6140,train,1
12738,train,2
12376,train,2
4613,train,3
10991,train,1
5610,train,1
10181,train,2
5824,train,2
578,train,1
13787,train,3
3048,train,1
2088,train,4
11429,train,2
3690,train,3
11424,train,1
11453,train,2
12533,train,2
6890,train,2
6525,train,2
31,train,3
13831,train,2
3557,train,2
13786,train,2
2495,train,3
12152,train,3
11126,train,2
4521,train,3
14005,train,2
13753,train,2
9890,train,4
2810,train,3
13956,train,2
8955,train,3
10582,train,4
4403,train,2
4722,train,2
9475,train,4
4775,train,4
10702,train,2
3338,train,1
6593,train,1
8419,train,4
10575,train,4
259,train,4
225,train,4
6051,train,2
12415,train,3
3566,train,3
8429,train,2
585,train,1
5002,train,3
6769,train,4
9160,train,3
8221,train,1
6000,train,2
2745,train,4
8701,train,3
12333,train,4
11855,train,4
5521,train,1
1638,train,3
6012,train,3
2637,train,3
3873,train,1
6996,train,4
9182,train,3
4672,train,4
11421,train,3
9682,train,4
2862,train,3
11380,train,3
2874,train,3
11660,train,3
8040,train,3
6880,train,2
5524,train,3
8604,train,1
3174,train,4
12984,train,4
13410,train,2
5169,train,2
1423,train,1
5110,train,4
1805,train,1
6283,train,1
10340,train,4
13723,train,2
2105,train,1
592,train,2
4417,train,2
7772,train,4
11044,train,2
590,train,4
3470,train,1
3281,train,4
2123,train,1
3545,train,3
14561,train,3
2527,train,4
6030,train,4
4927,train,4
9459,train,4
127,train,4
8900,train,4
13581,train,2
13847,train,2
6212,train,1
11821,train,1
3826,train,2
8537,train,2
11472,train,3
11882,train,1
12089,train,1
5019,train,1
36,train,3
9196,train,4
7190,train,2
13329,train,2
7636,train,1
10880,train,4
416,train,4
9269,train,4
2496,train,3
1464,train,4
7327,train,1
10330,train,4
5246,train,3
11971,train,3
10611,train,4
13339,train,2
5827,train,2
13704,train,2
2218,train,3
142,train,4
2666,train,3
1860,train,3
11150,train,2
6073,train,3
2277,train,1
6697,train,2
4290,train,4
1754,train,2
3859,train,1
7240,train,2
10030,train,1
1241,train,4
4164,train,3
13771,train,2
5125,train,1
5268,train,3
10162,train,2
5785,train,2
11101,train,4
11957,train,4
7518,train,4
2214,train,2
10333,train,1
12120,train,2
8920,train,2
6584,train,1
5043,train,3
5312,train,4
13754,train,2
12927,train,4
6987,train,3
12495,train,1
2923,train,4
12121,train,1
3438,train,4
4630,train,3
6662,train,1
9396,train,4
5041,train,3
10844,train,4
408,train,4
12139,train,4
10219,train,3
5938,train,2
12705,train,4
3263,train,2
8369,train,2
4575,train,2
11122,train,3
8760,train,3
3634,train,1
11914,train,4
8056,train,2
10601,train,4
6235,train,3
1819,train,4
11125,train,2
7357,train,3
10182,train,2
9280,train,2
6828,train,3
12375,train,3
1404,train,3
6946,train,4
13357,train,3
13968,train,2
5850,train,2
10400,train,1
8687,train,4
12740,train,3
4862,train,2
10681,train,1
10112,train,3
1137,train,3
4412,train,1
327,train,4
12800,train,1
13964,train,3
6384,train,1
2835,train,1
12286,train,2
10884,train,3
11566,train,2
12769,train,2
7961,train,3
9189,train,4
7988,train,4
293,train,4
3128,train,3
10348,train,4
3736,train,3
10096,train,2
11161,train,4
8963,train,2
8361,train,2
93,train,4
10121,train,2
10226,train,4
13697,train,1
10886,train,4
2314,train,2
8340,train,2
8415,train,4
3508,train,2
5419,train,1
7129,train,2
7117,train,3
9180,train,2
12829,train,1
13019,train,4
12161,train,4
1855,train,4
13710,train,2
9763,train,1
13148,train,3
1671,train,4
867,train,1
7329,train,2
1832,train,2
4243,train,4
2129,train,1
12648,train,2
10264,train,4
1691,train,3
8381,train,4
5999,train,2
4179,train,3
13560,train,1
655,train,3
8866,train,3
423,train,4
9844,train,3
12349,train,2
9071,train,1
10870,train,4
10689,train,1
10650,train,3
5982,train,3
3066,train,2
7756,train,1
12210,train,1
10734,train,3
4678,train,2
7192,train,3
1128,train,4
3944,train,3
4848,train,3
12207,train,2
1269,train,4
1154,train,2
10075,train,3
7440,train,3
13648,train,2
12634,train,1
13435,train,2
7183,train,2
10728,train,3
11648,train,4
8511,train,4
5898,train,1
713,train,4
3516,train,1
3711,train,1
11903,train,3
9374,train,4
4620,train,2
5024,train,3
128,train,4
999,train,4
4681,train,2
3688,train,1
3203,train,2
7413,train,2
2723,train,3
3532,train,3
1337,train,3
11377,train,4
2029,train,3
7070,train,2
13048,train,1
1010,train,3
12817,train,3
1888,train,3
11614,train,3
2661,train,1
12572,train,4
9512,train,4
14655,train,3
13819,train,2
4926,train,1
5563,train,2
10250,train,4
3906,train,4
198,train,4
910,train,1
1377,train,4
6972,train,1
3025,train,2
1121,train,1
12426,train,4
924,train,1
13349,train,2
1066,train,4
14635,train,3
9529,train,3
13632,train,2
3595,train,2
8770,train,4
10152,train,4
4391,train,1
11417,train,3
6796,train,2
7115,train,3
4084,train,1
10770,train,3
1775,train,3
10490,train,1
6199,train,1
9753,train,4
10225,train,3
10166,train,3
1957,train,4
6945,train,4
13575,train,1
3928,train,3
318,train,4
8004,train,1
10474,train,3
4060,train,4
7778,train,1
9419,train,4
4051,train,4
4586,train,1
6128,train,3
277,train,4
2851,train,4
5287,train,3
5365,train,1
6434,train,4
4422,train,3
5397,train,4
2402,train,1
12494,train,4
1089,train,2
12307,train,1
9951,train,2
5860,train,2
1197,train,4
6144,train,4
5643,train,4
1038,train,2
502,train,1
3180,train,3
3040,train,1
9209,train,3
9282,train,3
7620,train,4
1463,train,4
11745,train,2
9600,train,1
9905,train,3
738,train,3
5088,train,1
2871,train,1
7743,train,2
5388,train,4
5297,train,3
11425,train,1
12413,train,1
456,train,2
984,train,1
7050,train,2
9872,train,3
5189,train,1
3926,train,4
5683,train,2
7873,train,4
9438,train,1
7436,train,1
1811,train,1
5245,train,1
9927,train,2
4758,train,3
13018,train,3
6701,train,3
9361,train,1
7865,train,2
12023,train,1
1214,train,1
3124,train,4
7403,train,4
61,train,3
6515,train,3
6510,train,2
379,train,4
11133,train,1
9174,train,3
2722,train,3
11570,train,1
6773,train,2
3914,train,4
12723,train,2
6357,train,2
12101,train,3
8442,train,3
9314,train,3
13637,train,2
12888,train,2
5495,train,2
14112,train,3
5845,train,2
3325,train,1
9294,train,3
2438,train,2
2671,train,2
1559,train,4
12906,train,2
9036,train,3
2201,train,4
12741,train,3
4668,train,3
14329,train,3
4498,train,3
12081,train,1
9904,train,1
5446,train,3
5599,train,1
7956,train,4
2311,train,4
3580,train,1
6130,train,2
11298,train,3
3076,train,3
10571,train,3
1652,train,3
12961,train,4
9715,train,3
12712,train,2
6643,train,1
7738,train,2
189,train,4
2283,train,3
5756,train,1
10641,train,1
4029,train,4
2416,train,4
5950,train,2
6819,train,3
11676,train,2
1355,train,1
9561,train,2
2228,train,1
7081,train,2
6596,train,3
8970,train,4
12688,train,3
12905,train,2
11799,train,3
13274,train,1
4702,train,3
654,train,1
7072,train,2
3750,train,4
5613,train,2
4518,train,2
4661,train,3
10883,train,3
1133,train,4
6371,train,3
2595,train,2
4984,train,2
1176,train,4
12442,train,4
4437,train,3
5030,train,4
5272,train,3
9551,train,4
227,train,4
12299,train,3
8715,train,4
12540,train,3
4676,train,2
6803,train,1
3551,train,1
6441,train,2
8513,train,2
6093,train,4
6064,train,1
13382,train,2
4108,train,3
10254,train,2
3992,train,3
1113,train,1
5896,train,1
10574,train,4
7844,train,3
5570,train,4
11710,train,3
11270,train,1
4741,train,3
4162,train,3
3889,train,1
6963,train,1
6913,train,1
1682,train,3
5990,train,1
10354,train,2
4547,train,2
7149,train,4
11202,train,4
13238,train,3
2942,train,1
2433,train,3
574,train,1
5514,train,1
8910,train,1
1354,train,4
8362,train,3
7698,train,4
12179,train,4
6616,train,3
359,train,4
11236,train,1
5431,train,4
364,train,4
2357,train,1
3738,train,4
2975,train,4
3783,train,1
5438,train,2
3971,train,3
5527,train,3
12280,train,4
13755,train,2
11947,train,1
7138,train,1
10020,train,4
13557,train,1
11232,train,4
9900,train,1
6356,train,2
8992,train,1
4578,train,1
7836,train,2
5534,train,2
11569,train,4
48,train,3
104,train,4
12907,train,2
5795,train,4
9973,train,2
1264,train,3
1768,train,2
13118,train,4
9390,train,4
8459,train,1
3045,train,1
7250,train,2
11904,train,4
7408,train,1
3192,train,1
6836,train,2
6443,train,1
10934,train,3
11039,train,3
8902,train,4
2930,train,3
5719,train,1
2654,train,1
9547,train,4
5393,train,1
6029,train,1
4509,train,2
9592,train,4
12861,train,3
260,train,4
1968,train,4
3362,train,3
4110,train,4
5271,train,3
3990,train,3
11371,train,1
5458,train,2
8074,train,4
4041,train,4
6953,train,4
3599,train,1
11833,train,3
11554,train,4
13796,train,3
10947,train,1
5591,train,1
9112,train,3
12216,train,3
2684,train,3
4872,train,1
5133,train,4
11382,train,4
11655,train,1
9298,train,1
6254,train,2
4340,train,4
1741,train,1
2401,train,2
9732,train,4
744,train,2
11271,train,1
4363,train,4
2155,train,4
1978,train,3
5148,train,1
3774,train,2
4439,train,3
11228,train,4
5817,train,2
5775,train,3
10881,train,4
12138,train,3
13137,train,2
2906,train,3
4732,train,3
3065,train,2
1394,train,1
11925,train,3
3962,train,4
11299,train,1
4981,train,2
6837,train,2
14403,train,3
694,train,4
9138,train,3
8081,train,4
5331,train,4
12886,train,2
1708,train,2
8576,train,4
431,train,4
3949,train,3
2767,train,3
2341,train,1
1243,train,4
3093,train,1
9072,train,3
14402,train,3
1764,train,2
3803,train,2
13375,train,2
5426,train,4
11027,train,3
1457,train,1
10615,train,1
1758,train,2
6568,train,1
4035,train,4
2051,train,3
3005,train,4
3481,train,2
7822,train,3
13911,train,2
5,train,3
498,train,1
3948,train,1
3183,train,2
7131,train,1
4865,train,2
5485,train,3
4232,train,1
2784,train,3
9170,train,2
111,train,4
2498,train,2
3297,train,3
11669,train,4
683,train,2
13464,train,1
8606,train,4
10252,train,2
3415,train,2
11786,train,1
6493,train,1
11600,train,4
10542,train,3
2516,train,1
8189,train,4
11668,train,4
8591,train,4
871,train,3
8495,train,1
11986,train,4
13692,train,3
4963,train,4
1706,train,4
8198,train,2
9610,train,3
14291,train,3
6203,train,3
9921,train,4
9168,train,2
2577,train,1
12192,train,3
4195,train,3
4502,train,3
6319,train,3
5407,train,2
5881,train,1
4938,train,4
2676,train,4
10928,train,4
3977,train,3
13436,train,2
3890,train,1
1668,train,3
3732,train,1
6626,train,1
10997,train,4
10151,train,4
3364,train,3
9509,train,4
9443,train,3
12557,train,4
11940,train,2
13596,train,2
613,train,1
10344,train,3
8664,train,2
2627,train,2
9176,train,4
2286,train,3
12418,train,2
7734,train,4
12692,train,2
13024,train,1
1441,train,3
1067,train,2
12875,train,4
12659,train,2
12758,train,2
1245,train,3
11365,train,2
4936,train,3
1748,train,1
3288,train,1
3114,train,4
13734,train,1
4965,train,3
11192,train,4
12616,train,1
6134,train,3
903,train,1
12726,train,2
10499,train,1
8851,train,3
8564,train,1
1161,train,1
6139,train,2
9466,train,2
4345,train,2
6353,train,3
3275,train,3
8918,train,2
7683,train,1
8030,train,4
12105,train,4
13477,train,2
9758,train,2
11034,train,4
2987,train,4
8638,train,4
8853,train,3
4273,train,2
2844,train,4
13424,train,2
7460,train,3
11531,train,2
14587,train,3
12589,train,3
9406,train,4
12298,train,1
2594,train,2
4636,train,3
2406,train,1
7314,train,2
6293,train,2
5138,train,4
10115,train,2
9405,train,4
10890,train,2
2048,train,1
12721,train,3
1651,train,3
13533,train,2
10992,train,3
12561,train,1
12815,train,2
7977,train,4
13636,train,2
962,train,4
10630,train,3
6330,train,2
2616,train,3
6350,train,1
12208,train,4
12545,train,4
5427,train,1
6262,train,2
7685,train,4
12369,train,4
9001,train,1
12481,train,2
10268,train,2
10513,train,2
2693,train,3
9171,train,2
4000,train,4
6275,train,2
1946,train,4
747,train,2
2317,train,3
2367,train,2
115,train,4
401,train,4
13030,train,1
6928,train,2
11200,train,2
11732,train,3
3523,train,4
4719,train,2
9230,train,2
12099,train,2
5412,train,1
3775,train,2
10966,train,3
1433,train,1
896,train,4
2542,train,4
4338,train,3
1481,train,3
9884,train,2
1406,train,1
1278,train,3
2880,train,4
1931,train,2
1379,train,1
7065,train,3
6486,train,2
3140,train,3
11951,train,1
7493,train,3
8673,train,3
4074,train,2
14014,train,2
10971,train,3
7186,train,2
1289,train,1
695,train,2
4158,train,3
10269,train,2
2297,train,3
1248,train,3
10841,train,4
11003,train,4
6141,train,1
9233,train,2
6504,train,2
12529,train,2
12941,train,2
11449,train,4
6634,train,2
8191,train,1
2782,train,3
3099,train,1
7242,train,2
6305,train,1
12228,train,2
803,train,3
1263,train,1
10364,train,3
5840,train,1
7064,train,3
11650,train,1
11048,train,4
7533,train,4
10534,train,3
6665,train,1
9842,train,3
6575,train,4
311,train,4
6911,train,2
11042,train,4
8214,train,1
7161,train,2
2225,train,2
2902,train,1
7881,train,3
76,train,3
2184,train,3
6950,train,3
11077,train,4
6720,train,1
3995,train,3
500,train,1
4972,train,1
5401,train,1
5356,train,2
12348,train,1
6077,train,3
7158,train,2
5718,train,1
1590,train,3
691,train,1
9789,train,3
8558,train,2
212,train,4
11528,train,4
8872,train,2
5564,train,2
3123,train,3
6004,train,2
3160,train,2
10829,train,1
557,train,4
7633,train,1
13453,train,3
5617,train,1
5045,train,4
3322,train,2
4188,train,3
13286,train,2
4569,train,4
13960,train,2
4674,train,4
6574,train,2
12711,train,1
11942,train,2
2300,train,1
12669,train,3
3825,train,2
6512,train,4
8069,train,2
4093,train,1
5546,train,1
12103,train,3
9931,train,2
6563,train,2
3193,train,1
3319,train,4
4172,train,1
14590,train,3
12340,train,4
9796,train,1
7769,train,3
1366,train,4
7285,train,2
11069,train,4
5739,train,3
2690,train,2
10294,train,3
4100,train,1
2233,train,2
4067,train,2
7463,train,3
5868,train,2
4214,train,4
11747,train,4
6673,train,3
3356,train,1
10832,train,3
9252,train,2
1863,train,1
4413,train,1
8380,train,3
8295,train,3
12232,train,1
10946,train,1
13715,train,2
8121,train,4
11812,train,4
3151,train,4
1918,train,4
7982,train,2
1728,train,1
13269,train,2
1372,train,3
9027,train,2
7496,train,2
12945,train,3
7978,train,4
5748,train,3
6867,train,1
12272,train,4
11392,train,3
11092,train,4
6062,train,1
12404,train,2
8802,train,3
11002,train,4
3324,train,1
5911,train,4
1411,train,3
11714,train,3
880,train,1
12092,train,4
5784,train,2
10384,train,1
1827,train,4
9499,train,3
13193,train,4
4935,train,3
12600,train,1
3023,train,2
6452,train,3
12268,train,3
10754,train,4
9111,train,1
3955,train,4
11207,train,1
269,train,4
615,train,1
10180,train,4
11275,train,2
12580,train,4
7646,train,3
7292,train,4
4904,train,2
1191,train,1
3310,train,4
3400,train,2
10627,train,2
13690,train,1
4094,train,1
11496,train,1
7317,train,1
8258,train,3
3696,train,2
6938,train,1
1871,train,1
13497,train,1
8438,train,2
7811,train,4
11226,train,3
6993,train,2
13797,train,3
7589,train,3
5875,train,1
1859,train,1
1529,train,1
4645,train,3
4603,train,1
14110,train,3
7145,train,3
12736,train,1
1881,train,2
37,train,3
1560,train,4
3479,train,1
5669,train,2
11448,train,4
5644,train,4
12077,train,1
5430,train,1
11514,train,2
4617,train,4
7407,train,4
4068,train,2
1538,train,3
149,train,4
2343,train,3
55,train,3
7906,train,4
13539,train,2
8085,train,1
13250,train,2
2838,train,2
4407,train,1
8110,train,1
10647,train,3
11619,train,2
3190,train,3
1798,train,1
12517,train,2
8583,train,2
558,train,2
5701,train,2
13102,train,1
2191,train,2
6169,train,4
7012,train,1
3127,train,1
9699,train,4
12328,train,2
12828,train,1
3106,train,4
7955,train,4
12029,train,4
3271,train,3
13616,train,3
472,train,2
3054,train,1
9671,train,1
1673,train,4
12044,train,2
13111,train,4
2265,train,3
887,train,4
247,train,4
8208,train,4
14043,train,2
8355,train,3
2525,train,3
370,train,4
6716,train,4
1210,train,2
826,train,4
11060,train,4
10368,train,4
3855,train,2
13555,train,1
9752,train,4
8097,train,4
1060,train,3
9853,train,1
3602,train,3
8823,train,2
82,train,4
12996,train,1
9550,train,2
12749,train,3
5893,train,1
5501,train,4
7682,train,2
12429,train,2
7271,train,1
762,train,3
171,train,4
5206,train,4
4219,train,2
1826,train,4
13341,train,2
1313,train,1
13746,train,1
9485,train,1
2834,train,2
6424,train,1
11458,train,3
9540,train,4
11684,train,1
3450,train,2
13669,train,1
63,train,3
1830,train,1
4382,train,4
4083,train,1
6722,train,1
10193,train,3
1574,train,1
197,train,4
2677,train,4
11509,train,3
9417,train,2
8079,train,4
2083,train,3
8653,train,2
4546,train,3
5015,train,3
6385,train,3
10687,train,4
9800,train,4
2268,train,4
6906,train,3
5255,train,1
12693,train,1
8443,train,3
4174,train,1
10619,train,4
11222,train,1
7283,train,2
7261,train,4
3407,train,1
13993,train,2
6774,train,2
11374,train,1
11071,train,4
9914,train,1
9161,train,3
1746,train,1
13617,train,3
1388,train,4
11829,train,1
2015,train,2
3175,train,2
645,train,1
11260,train,3
3563,train,3
3693,train,4
5505,train,4
4979,train,3
7443,train,3
10718,train,3
10719,train,2
2475,train,3
12842,train,1
8733,train,2
997,train,4
2050,train,1
11418,train,1
6096,train,4
2802,train,3
10569,train,3
2000,train,3
158,train,4
7427,train,1
222,train,4
5016,train,3
13830,train,2
13725,train,1
13470,train,2
2360,train,3
9142,train,2
11137,train,3
4066,train,2
951,train,4
626,train,2
824,train,3
12059,train,2
10957,train,4
13873,train,2
10257,train,2
12802,train,1
10935,train,4
7219,train,1
12678,train,1
3020,train,2
2181,train,2
3063,train,2
8695,train,1
3925,train,4
13127,train,4
14648,train,3
2504,train,3
7473,train,2
3041,train,1
4537,train,2
13338,train,4
9297,train,3
12889,train,1
10548,train,3
10277,train,4
4019,train,4
5751,train,3
8831,train,3
768,train,2
7419,train,3
2528,train,4
447,train,4
1749,train,3
11348,train,2
3079,train,3
2626,train,2
1530,train,1
7025,train,2
8036,train,2
10024,train,2
11464,train,3
7107,train,3
4986,train,2
2754,train,1
5668,train,2
10537,train,4
12127,train,3
6795,train,2
6608,train,2
7166,train,3
921,train,3
346,train,4
11905,train,2
2919,train,1
7897,train,2
9821,train,4
13021,train,2
13502,train,1
11245,train,2
5474,train,3
3204,train,2
1834,train,2
1460,train,4
2814,train,3
6520,train,4
4316,train,1
4056,train,4
445,train,4
12818,train,3
6224,train,1
630,train,2
12085,train,4
13354,train,1
5358,train,4
12097,train,3
10148,train,1
6273,train,3
5021,train,1
4139,train,3
4042,train,4
8439,train,2
9042,train,4
5108,train,1
7458,train,3
2350,train,4
355,train,4
13740,train,1
8559,train,1
4148,train,4
4058,train,4
4352,train,2
7720,train,3
6190,train,1
8842,train,2
6438,train,1
9846,train,3
9219,train,4
279,train,4
13548,train,2
7773,train,4
3191,train,3
10494,train,3
11322,train,1
3201,train,2
4105,train,3
13662,train,2
9641,train,4
2558,train,1
3997,train,4
8177,train,3
11952,train,1
7074,train,2
13468,train,2
3765,train,1
5028,train,4
8672,train,3
8257,train,1
4244,train,4
5525,train,3
8228,train,1
10123,train,2
4805,train,1
52,train,3
5745,train,1
11006,train,4
3503,train,2
4882,train,3
10062,train,2
7713,train,4
6555,train,2
1262,train,1
1943,train,3
1823,train,1
12843,train,3
956,train,1
11478,train,2
9414,train,4
1396,train,3
8565,train,4
11611,train,1
6009,train,1
10223,train,3
10198,train,1
8025,train,3
13645,train,2
5451,train,2
6398,train,3
11470,train,3
1503,train,4
333,train,4
8964,train,1
6797,train,2
10451,train,4
1136,train,3
4923,train,1
8762,train,3
7900,train,4
3698,train,2
10355,train,1
10049,train,1
261,train,4
2499,train,1
12104,train,4
9543,train,4
3601,train,1
3299,train,4
8011,train,2
9845,train,3
403,train,4
5096,train,3
974,train,4
122,train,4
8412,train,3
4475,train,3
4152,train,3
8743,train,4
6838,train,2
7051,train,2
3744,train,2
5354,train,1
6129,train,2
9153,train,4
14137,train,3
8133,train,2
6581,train,2
5734,train,1
12784,train,2
10093,train,1
9190,train,4
5065,train,1
11384,train,4
10705,train,2
12454,train,4
6981,train,1
10444,train,2
6189,train,1
11408,train,2
112,train,4
2457,train,2
13360,train,2
1643,train,4
6366,train,1
7862,train,4
5773,train,1
12761,train,1
1623,train,4
389,train,4
194,train,4
6990,train,4
3957,train,2
3396,train,4
6089,train,2
9020,train,4
11610,train,2
9481,train,4
9991,train,4
13577,train,1
2407,train,1
1975,train,1
3638,train,3
12765,train,4
6862,train,2
10959,train,1
11561,train,4
12133,train,1
6324,train,2
2554,train,4
4870,train,1
9985,train,2
9169,train,2
5686,train,1
14223,train,3
6814,train,1
8306,train,3
6213,train,4
5916,train,2
8812,train,2
136,train,4
8174,train,3
9854,train,4
8973,train,2
11616,train,2
9566,train,1
12009,train,2
4187,train,3
4278,train,2
4117,train,4
6891,train,2
6300,train,3
3477,train,4
5314,train,4
10370,train,4
8803,train,3
10120,train,4
11102,train,1
6974,train,3
9245,train,3
1380,train,1
10447,train,2
9918,train,3
9638,train,3
12203,train,1
8950,train,3
1616,train,4
8692,train,3
1325,train,1
4445,train,4
3311,train,4
2845,train,4
3226,train,1
12387,train,3
13679,train,1
8317,train,3
579,train,1
8021,train,3
1279,train,3
13265,train,1
12109,train,4
11291,train,2
6530,train,1
10602,train,4
4623,train,2
2811,train,3
13703,train,1
12871,train,2
8290,train,4
13929,train,2
5951,train,2
5102,train,2
9506,train,1
808,train,4
7035,train,3
8863,train,4
7663,train,4
7214,train,1
6645,train,3
8859,train,1
11991,train,2
13874,train,2
9832,train,3
5532,train,2
3011,train,4
13332,train,3
1296,train,1
10620,train,2
11865,train,3
6564,train,2
7826,train,2
4696,train,4
14615,train,3
8592,train,2
13925,train,2
12897,train,4
12972,train,1
14401,train,3
1393,train,1
2920,train,2
12953,train,3
11369,train,2
6458,train,1
4333,train,2
2328,train,1
10625,train,3
5139,train,4
11047,train,3
508,train,1
6278,train,3
689,train,1
13437,train,1
13459,train,1
10656,train,3
7564,train,3
8593,train,3
6843,train,1
14078,train,3
4023,train,4
12436,train,1
7433,train,2
13534,train,1
6508,train,1
7390,train,4
7062,train,1
4525,train,3
12791,train,2
12574,train,4
1914,train,2
3302,train,4
3716,train,1
8117,train,1
11378,train,3
5183,train,2
9258,train,2
13650,train,2
2931,train,2
3781,train,4
7394,train,3
2646,train,1
9749,train,3
4634,train,3
13545,train,1
12530,train,2
7310,train,3
14637,train,3
12381,train,4
11323,train,3
14459,train,3
11996,train,4
3506,train,4
12617,train,2
13566,train,2
5375,train,4
5180,train,3
7599,train,4
775,train,1
4456,train,3
5873,train,1
8627,train,2
9504,train,1
3872,train,1
9959,train,3
3277,train,4
8888,train,3
6646,train,1
7476,train,1
748,train,2
5733,train,3
12606,train,3
4140,train,3
13484,train,1
742,train,2
9536,train,4
4857,train,4
223,train,4
11597,train,4
8896,train,1
6558,train,1
3722,train,4
7763,train,1
9234,train,2
3068,train,2
11234,train,2
51,train,3
4944,train,3
13323,train,1
1870,train,2
4046,train,4
13196,train,2
4344,train,2
2147,train,4
13867,train,2
7090,train,4
1283,train,3
8445,train,3
8037,train,1
14047,train,2
11982,train,4
12045,train,2
5815,train,4
6405,train,3
6435,train,3
11406,train,4
7432,train,4
9410,train,2
10827,train,1
13322,train,1
2905,train,1
14418,train,3
9069,train,3
3536,train,1
9935,train,2
1203,train,3
4752,train,1
12735,train,1
5131,train,1
10559,train,1
7528,train,1
2663,train,3
7497,train,2
9357,train,1
3564,train,1
11301,train,3
10094,train,2
4901,train,2
5720,train,1
11955,train,4
1721,train,3
9487,train,3
5975,train,1
8566,train,4
1622,train,3
4740,train,3
7454,train,4
7623,train,4
1391,train,1
13878,train,2
10885,train,3
8953,train,3
2785,train,4
861,train,1
9403,train,4
9087,train,3
11524,train,3
7794,train,3
1507,train,4
5558,train,2
7820,train,4
12915,train,3
13244,train,2
6986,train,1
7925,train,4
13311,train,1
723,train,1
9982,train,4
1103,train,4
2634,train,3
2726,train,1
8241,train,4
1874,train,3
730,train,1
10850,train,2
4556,train,3
3027,train,2
6291,train,3
1564,train,2
6412,train,3
7696,train,2
1221,train,3
13520,train,3
5963,train,2
9104,train,3
6941,train,3
5835,train,2
13187,train,3
8105,train,4
11194,train,2
5079,train,2
3392,train,3
11888,train,3
5933,train,1
11671,train,4
11633,train,3
8451,train,2
8217,train,1
13293,train,1
7920,train,3
3958,train,2
11834,train,4
6783,train,2
532,train,1
2639,train,4
6299,train,4
5586,train,1
1064,train,4
11317,train,2
5952,train,1
12408,train,4
7850,train,3
2087,train,4
8152,train,4
467,train,2
1371,train,3
12920,train,1
2735,train,3
10525,train,1
6006,train,1
11823,train,1
13231,train,1
12549,train,2
14616,train,3
1561,train,4
7904,train,3
3641,train,1
6635,train,1
13232,train,1
12112,train,1
10724,train,1
6586,train,1
10046,train,3
988,train,4
10416,train,2
1049,train,4
14052,train,2
5322,train,4
6408,train,2
12094,train,4
8326,train,3
11199,train,1
6229,train,2
4606,train,1
12479,train,2
11227,train,3
4699,train,4
11717,train,3
2909,train,3
5856,train,2
1555,train,1
11169,train,4
8368,train,2
6352,train,3
6361,train,1
11184,train,1
11878,train,4
1996,train,2
3495,train,3
9253,train,1
5349,train,3
11281,train,1
12808,train,4
7278,train,4
4749,train,2
3270,train,3
8878,train,4
9676,train,1
10703,train,2
9150,train,3
2057,train,2
5661,train,2
3968,train,3
12677,train,2
6579,train,3
6160,train,2
3143,train,4
5646,train,4
7326,train,3
7752,train,4
13290,train,2
1654,train,3
6910,train,2
539,train,1
289,train,4
4743,train,3
5351,train,3
13686,train,3
1414,train,1
5273,train,3
5810,train,1
1126,train,4
11697,train,2
8487,train,3
8319,train,3
11543,train,1
8281,train,1
12489,train,4
6174,train,3
4269,train,2
3039,train,1
1516,train,4
12831,train,2
4839,train,3
1383,train,1
1628,train,3
3144,train,4
12632,train,2
7784,train,3
1495,train,3
9386,train,4
6377,train,2
4622,train,2
1408,train,3
4468,train,2
11210,train,3
14372,train,3
13177,train,2
862,train,1
5057,train,1
9910,train,3
8091,train,4
3,train,3
13598,train,2
5966,train,2
3793,train,1
11794,train,3
7664,train,4
4826,train,4
11779,train,4
4694,train,4
12591,train,4
8850,train,1
12525,train,3
4591,train,3
3767,train,4
10721,train,1
4683,train,2
8598,train,3
9373,train,4
5424,train,4
10132,train,3
13119,train,2
4212,train,4
9139,train,4
3747,train,1
10392,train,1
759,train,1
4698,train,4
538,train,1
6881,train,1
4896,train,2
798,train,4
11738,train,1
8383,train,2
2813,train,3
4772,train,3
4446,train,2
10485,train,1
10927,train,4
3964,train,3
8987,train,2
7668,train,4
436,train,4
6453,train,4
13081,train,2
12305,train,2
10405,train,2
11436,train,3
5232,train,3
7373,train,2
9473,train,3
11693,train,2
5150,train,1
5619,train,1
1578,train,1
13306,train,2
12076,train,2
13061,train,2
3084,train,4
4129,train,2
5056,train,1
8822,train,2
8341,train,3
5782,train,2
4090,train,1
11994,train,4
7311,train,3
4476,train,3
3771,train,4
9856,train,4
6704,train,2
8703,train,4
3546,train,3
10939,train,4
10318,train,3
361,train,4
6781,train,4
11574,train,3
9054,train,3
11813,train,4
11762,train,4
12219,train,3
1787,train,4
10581,train,4
13368,train,2
9527,train,1
11712,train,3
5243,train,1
12598,train,2
12553,train,2
7722,train,3
1077,train,1
8523,train,3
8280,train,2
12836,train,1
12775,train,1
3578,train,1
9474,train,4
7383,train,1
8470,train,2
14650,train,3
10752,train,4
1308,train,2
1151,train,3
2173,train,4
8162,train,1
2262,train,3
3007,train,4
7279,train,2
13104,train,3
6292,train,2
5760,train,4
3986,train,3
3846,train,3
6955,train,2
849,train,1
7854,train,1
8922,train,1
1608,train,3
5602,train,1
752,train,1
3349,train,4
4360,train,4
8528,train,3
10009,train,3
2664,train,1
8975,train,4
9620,train,2
1211,train,1
6669,train,1
11346,train,1
8270,train,1
9799,train,4
11302,train,3
11065,train,1
10110,train,1
9267,train,1
14550,train,3
1237,train,4
9689,train,3
4786,train,1
4942,train,2
12068,train,4
12492,train,1
2053,train,3
10478,train,3
11802,train,3
882,train,1
4457,train,3
4497,train,1
546,train,3
11473,train,3
1624,train,1
4808,train,1
2459,train,1
8206,train,3
7323,train,4
7337,train,2
11206,train,2
10053,train,1
8379,train,3
9341,train,1
11656,train,1
13562,train,1
5184,train,2
9172,train,2
9237,train,1
6210,train,1
813,train,2
2086,train,1
7027,train,3
13544,train,1
6040,train,2
714,train,4
785,train,3
8031,train,4
9183,train,3
12584,train,4
10576,train,4
6975,train,3
4863,train,2
10635,train,4
7688,train,1
6577,train,1
13461,train,3
2204,train,2
12042,train,4
4044,train,4
11636,train,2
13531,train,1
14109,train,3
12306,train,1
8469,train,2
3398,train,2
2171,train,3
11830,train,3
13007,train,2
10794,train,2
1619,train,2
771,train,2
14239,train,3
11035,train,3
7479,train,3
10411,train,2
6531,train,1
2375,train,2
12739,train,1
13098,train,2
2243,train,2
10765,train,4
12482,train,1
3801,train,2
8611,train,2
6872,train,2
4933,train,3
8518,train,2
12174,train,3
14366,train,3
14198,train,3
5352,train,4
5744,train,2
13905,train,2
3628,train,2
12249,train,1
1332,train,3
14367,train,3
6450,train,2
6544,train,2
4712,train,1
10066,train,2
3028,train,2
9626,train,4
6914,train,1
3996,train,3
6737,train,1
4085,train,1
4459,train,2
1549,train,2
13335,train,2
13896,train,2
8631,train,4
14180,train,3
3605,train,1
13057,train,1
3016,train,4
12288,train,3
6394,train,3
3829,train,4
9824,train,2
9098,train,3
4806,train,1
7919,train,1
7541,train,3
5361,train,2
4371,train,2
11539,train,2
7366,train,3
3772,train,4
8843,train,2
12891,train,1
1199,train,4
4753,train,1
11314,train,3
7814,train,1
7485,train,1
13742,train,2
1734,train,4
4750,train,2
573,train,1
8643,train,2
7581,train,4
2136,train,2
9109,train,2
2850,train,4
10220,train,1
5482,train,3
13431,train,2
8546,train,4
6446,train,4
5013,train,1
6195,train,2
11112,train,4
13032,train,1
1629,train,3
11924,train,3
1800,train,3
10402,train,1
11183,train,2
1490,train,3
5507,train,4
3731,train,3
12004,train,3
5201,train,1
9801,train,1
10562,train,2
3247,train,4
5740,train,3
12274,train,2
7212,train,2
6049,train,2
6780,train,4
3421,train,1
4349,train,3
2324,train,4
9622,train,1
1875,train,3
9847,train,3
8364,train,3
3517,train,3
6639,train,3
8098,train,1
1757,train,4
5789,train,1
9609,train,3
4226,train,1
12154,train,1
9442,train,1
4483,train,2
12630,train,3
3163,train,1
2689,train,2
8072,train,2
1344,train,4
11725,train,1
9508,train,3
3366,train,2
13083,train,1
1740,train,2
6661,train,2
8937,train,3
6100,train,3
2914,train,2
1229,train,3
3034,train,1
5405,train,1
12626,train,1
67,train,3
6041,train,1
13519,train,2
12128,train,3
12501,train,1
12157,train,1
12397,train,4
8059,train,1
6439,train,1
7639,train,4
10068,train,4
1401,train,1
6715,train,3
10895,train,4
3780,train,4
4517,train,2
3528,train,2
4235,train,4
6801,train,2
11503,train,4
12435,train,4
6186,train,2
2734,train,2
10637,train,2
11694,train,2
9011,train,3
740,train,3
1947,train,4
12521,train,2
6257,train,1
13310,train,1
2121,train,2
7505,train,1
424,train,4
6097,train,2
2196,train,3
1698,train,1
1109,train,2
1571,train,3
2440,train,2
3258,train,3
6209,train,1
10311,train,1
2695,train,3
1364,train,4
5529,train,2
8538,train,2
3659,train,3
130,train,4
11661,train,3
9352,train,1
9012,train,3
11257,train,1
8199,train,3
15,train,3
9181,train,1
10136,train,2
10064,train,2
2623,train,3
10386,train,1
8172,train,2
12611,train,2
3806,train,1
7163,train,1
6789,train,1
13409,train,2
3361,train,1
417,train,4
1061,train,3
9535,train,4
8234,train,1
13145,train,2
11239,train,4
3501,train,3
2177,train,1
1936,train,1
8159,train,3
8309,train,4
2092,train,3
9340,train,1
3154,train,4
9368,train,4
10403,train,2
12752,train,4
8386,train,3
3863,train,3
1155,train,4
9783,train,1
9381,train,4
1357,train,4
2648,train,1
1223,train,2
7635,train,1
2937,train,2
8835,train,4
1839,train,4
4033,train,4
12883,train,2
1340,train,4
12768,train,2
1510,train,4
1580,train,3
11646,train,4
11388,train,1
12053,train,3
3006,train,4
4960,train,4
6227,train,2
6647,train,2
4175,train,1
9617,train,4
7817,train,1
9522,train,2
1569,train,1
1439,train,1
6605,train,2
6809,train,3
10823,train,1
4343,train,2
3279,train,4
10737,train,3
10761,train,1
7816,train,4
2417,train,2
169,train,4
2818,train,1
8253,train,1
2109,train,3
12169,train,2
1225,train,2
12384,train,3
5914,train,2
4201,train,4
349,train,4
1730,train,3
3130,train,3
3019,train,4
1311,train,1
1186,train,1
4844,train,1
6567,train,1
7492,train,3
101,train,4
7142,train,3
3907,train,4
1990,train,2
5325,train,1
13532,train,2
10211,train,1
7746,train,3
7415,train,1
9599,train,2
12271,train,4
11740,train,4
6349,train,1
12000,train,4
1055,train,4
1632,train,4
12661,train,3
1127,train,4
2792,train,2
9490,train,4
4906,train,2
1475,train,1
3742,train,2
2219,train,3
11274,train,2
13641,train,2
1820,train,2
10100,train,1
13665,train,1
5461,train,2
6562,train,2
3585,train,3
7144,train,1
1494,train,3
5595,train,1
4905,train,2
2161,train,2
12193,train,4
12062,train,2
8418,train,4
1253,train,1
1467,train,3
1897,train,2
11700,train,2
9146,train,4
6464,train,1
11870,train,4
3784,train,2
745,train,2
6487,train,3
9064,train,3
368,train,4
8907,train,4
7780,train,1
12952,train,3
347,train,4
1434,train,1
3186,train,4
6883,train,1
6399,train,4
4553,train,3
8623,train,3
9524,train,1
6594,train,1
240,train,4
2238,train,1
13291,train,2
2330,train,2
4254,train,3
8864,train,4
2894,train,3
3321,train,2
427,train,4
2678,train,1
11088,train,3
4003,train,4
9204,train,3
4259,train,3
12789,train,3
2617,train,3
6511,train,3
11935,train,4
11175,train,1
13319,train,1
11070,train,4
9957,train,3
4482,train,4
6702,train,4
12849,train,2
4443,train,4
2210,train,1
559,train,2
716,train,2
10056,train,3
267,train,4
10949,train,2
2059,train,1
12456,train,1
7248,train,2
8832,train,3
11300,train,1
4432,train,1
11306,train,2
11754,train,4
6248,train,3
2190,train,2
12113,train,2
4739,train,3
11729,train,4
5560,train,2
7883,train,4
13924,train,2
8632,train,4
11601,train,1
10296,train,3
4790,train,1
3567,train,3
13595,train,2
4264,train,4
12065,train,3
2358,train,1
3923,train,4
1173,train,4
6708,train,2
2524,train,3
7608,train,1
5965,train,3
9835,train,3
4167,train,1
6543,train,2
2869,train,3
9321,train,2
375,train,4
8433,train,4
10025,train,2
7943,train,2
13458,train,2
8183,train,1
13337,train,3
9696,train,4
1032,train,1
7125,train,3
2552,train,1
5557,train,2
8660,train,3
7626,train,2
6560,train,1
5500,train,4
5251,train,3
4027,train,4
5421,train,3
10052,train,1
1483,train,3
6406,train,4
3397,train,4
6907,train,3
14563,train,3
4695,train,4
4036,train,4
4484,train,2
555,train,4
13902,train,2
5225,train,1
2103,train,1
12321,train,4
5899,train,2
12237,train,3
8351,train,3
3821,train,4
10390,train,1
9388,train,4
8874,train,1
9663,train,4
5895,train,1
5833,train,1
8665,train,1
5205,train,4
3848,train,4
13391,train,2
4973,train,1
430,train,4
8168,train,3
8763,train,2
10158,train,2
5508,train,4
657,train,2
13521,train,3
9429,train,1
905,train,1
11681,train,1
8810,train,2
13707,train,1
2423,train,3
8421,train,2
2837,train,2
1825,train,3
4673,train,4
11533,train,1
4193,train,3
884,train,3
3524,train,2
11873,train,2
11191,train,4
4153,train,2
4501,train,3
331,train,4
14566,train,3
6585,train,2
13139,train,2
13481,train,2
12215,train,1
4495,train,2
13045,train,2
11430,train,4
11907,train,1
9579,train,4
2901,train,2
9589,train,3
3600,train,3
8549,train,2
13750,train,1
4573,train,2
8017,train,2
14551,train,3
11401,train,3
4802,train,1
1645,train,3
5054,train,2
13654,train,3
4070,train,2
4913,train,4
3480,train,2
9976,train,3
7520,train,2
6958,train,2
4011,train,4
8473,train,3
9163,train,3
6606,train,2
4999,train,3
909,train,1
9415,train,4
466,train,2
13397,train,2
1427,train,3
8721,train,3
5340,train,1
11304,train,3
5035,train,1
1933,train,2
10860,train,1
2146,train,3
8116,train,3
1375,train,3
7691,train,3
9836,train,3
10600,train,4
1894,train,2
2515,train,1
4891,train,1
10261,train,2
6847,train,2
7036,train,3
13683,train,1
3616,train,4
4831,train,4
2952,train,3
12816,train,1
5509,train,4
12243,train,4
4968,train,4
11588,train,2
863,train,4
4871,train,1
10362,train,3
11009,train,3
11715,train,3
13421,train,2
2185,train,3
9227,train,2
9320,train,2
6895,train,1
5008,train,4
126,train,4
4136,train,1
8969,train,3
4982,train,1
7359,train,2
4819,train,1
5544,train,4
5829,train,1
144,train,4
5878,train,2
9336,train,1
1704,train,3
13367,train,2
12785,train,2
4581,train,1
10683,train,2
6523,train,2
8336,train,2
12367,train,3
10564,train,1
7380,train,3
7878,train,3
6329,train,2
5078,train,4
10328,train,3
12627,train,1
4632,train,3
7650,train,3
10671,train,2
622,train,1
2872,train,1
5797,train,1
5480,train,3
2562,train,3
9155,train,3
8298,train,3
651,train,2
6695,train,1
11771,train,1
8726,train,2
12538,train,3
5660,train,2
5265,train,4
3618,train,2
7085,train,1
11332,train,4
11624,train,1
936,train,4
11761,train,4
3300,train,4
8599,train,3
10566,train,3
7287,train,1
4713,train,1
1084,train,1
8243,train,2
11577,train,2
3910,train,3
8609,train,1
1753,train,4
8175,train,3
2078,train,1
10851,train,4
6323,train,2
8304,train,3
8273,train,1
6454,train,2
12160,train,4
5503,train,4
3393,train,3
628,train,2
13218,train,4
11975,train,3
623,train,1
2882,train,2
8276,train,2
12163,train,4
1166,train,4
12665,train,2
917,train,3
2605,train,1
9637,train,1
9452,train,4
11457,train,3
5969,train,3
1656,train,3
6678,train,3
329,train,4
6830,train,2
7677,train,3
209,train,4
9377,train,4
10418,train,2
2487,train,2
5104,train,2
11059,train,4
7993,train,3
5884,train,1
6686,train,4
1312,train,1
12427,train,4
13587,train,3
9748,train,3
11028,train,4
7305,train,4
5726,train,1
881,train,1
352,train,4
243,train,4
10243,train,1
8437,train,3
9631,train,3
13550,train,3
3187,train,4
263,train,4
9222,train,4
11585,train,3
10767,train,3
10638,train,2
1041,train,2
6488,train,1
2918,train,1
7672,train,3
5211,train,4
1626,train,2
9116,train,1
4729,train,2
8848,train,2
5836,train,2
6542,train,2
9165,train,4
7607,train,1
4186,train,4
3241,train,4
6541,train,4
5075,train,3
4860,train,4
2936,train,4
10431,train,3
2847,train,4
5841,train,3
8084,train,2
1588,train,1
13011,train,1
10802,train,3
5250,train,3
12754,train,1
10757,train,1
5033,train,2
13403,train,2
11265,train,4
8015,train,4
1880,train,2
7303,train,3
1013,train,1
10707,train,2
463,train,2
5491,train,2
4646,train,3
268,train,4
12772,train,2
1322,train,1
5728,train,1
9408,train,4
7251,train,2
11292,train,2
2887,train,3
6658,train,3
3499,train,1
6310,train,2
2929,train,3
10345,train,3
11521,train,1
3604,train,1
12764,train,3
6456,train,2
955,train,1
8765,train,3
890,train,4
1714,train,3
6812,train,2
3697,train,2
8057,train,1
11033,train,4
1531,train,1
11426,train,1
12558,train,4
1392,train,1
12894,train,3
14599,train,3
11493,train,2
10565,train,3
4218,train,2
4744,train,3
7515,train,4
1378,train,2
13900,train,3
7565,train,4
12943,train,1
10654,train,3
207,train,4
9711,train,1
1459,train,4
7575,train,2
11129,train,1
7596,train,3
405,train,4
7306,train,4
11136,train,3
5843,train,1
3674,train,2
7197,train,3
8274,train,1
10540,train,2
2685,train,3
13518,train,1
13630,train,2
5439,train,1
13242,train,3
10323,train,2
298,train,4
12878,train,2
4050,train,4
10652,train,3
5445,train,1
10663,train,3
4590,train,1
1097,train,4
8485,train,3
4679,train,2
1190,train,1
10868,train,4
2074,train,1
11894,train,2
2045,train,4
2054,train,3
6008,train,1
7832,train,1
8209,train,4
10633,train,3
7055,train,1
12671,train,3
11897,train,3
6010,train,1
8346,train,4
6629,train,1
12503,train,1
14150,train,3
2431,train,1
2900,train,2
14565,train,3
7928,train,2
5442,train,1
4171,train,1
2619,train,1
1999,train,3
10445,train,2
12859,train,2
1277,train,3
8820,train,2
6216,train,4
2912,train,4
8323,train,2
8103,train,3
7099,train,3
6868,train,1
8042,train,1
3836,train,3
13947,train,2
4283,train,1
4798,train,2
3802,train,2
12091,train,4
6410,train,1
12057,train,2
3622,train,3
7601,train,2
6255,train,2
10205,train,2
10937,train,4
7999,train,4
3139,train,3
351,train,4
1456,train,4
2932,train,3
2886,train,1
2424,train,3
8825,train,3
88,train,4
3934,train,4
8046,train,3
1723,train,3
8196,train,2
10725,train,3
4305,train,1
13602,train,2
4884,train,1
5957,train,3
8898,train,1
12171,train,3
8652,train,2
13210,train,2
5434,train,1
10460,train,2
7349,train,4
2094,train,4
3838,train,3
5090,train,2
11395,train,4
5970,train,3
3552,train,1
12806,train,4
3941,train,1
12392,train,4
531,train,1
11249,train,1
10514,train,2
10551,train,4
13855,train,2
179,train,4
2164,train,3
8858,train,1
7637,train,4
2988,train,4
11653,train,1
1950,train,3
11413,train,1
4833,train,3
5076,train,3
3222,train,2
8048,train,4
4461,train,1
14417,train,3
10170,train,2
5417,train,4
10375,train,2
11950,train,2
7747,train,3
10128,train,3
1587,train,2
4503,train,3
6222,train,1
6850,train,4
9558,train,3
883,train,1
3443,train,1
439,train,4
10212,train,1
6822,train,2
11906,train,1
12338,train,4
1522,train,2
1074,train,2
12924,train,3
5565,train,2
7160,train,2
360,train,4
2569,train,2
6924,train,2
3455,train,4
5575,train,1
3877,train,1
4653,train,1
6672,train,1
1709,train,2
12882,train,2
11157,train,4
13868,train,2
11151,train,2
12757,train,1
9449,train,3
10222,train,3
9894,train,4
3291,train,2
11688,train,1
9623,train,1
13524,train,1
11553,train,2
4347,train,3
4738,train,3
1477,train,1
322,train,4
12186,train,1
2392,train,3
8794,train,2
2093,train,1
266,train,4
10579,train,4
1803,train,4
340,train,4
10335,train,1
10533,train,2
10848,train,2
6597,train,4
5343,train,1
3943,train,1
2889,train,4
1326,train,4
13418,train,1
1877,train,4
6549,train,2
9862,train,4
8494,train,1
5406,train,4
3182,train,4
9305,train,3
10925,train,1
11362,train,2
8129,train,3
8663,train,2
10649,train,2
4169,train,1
9505,train,1
10830,train,1
13100,train,1
11954,train,1
2853,train,1
926,train,1
743,train,2
12322,train,3
1165,train,1
2261,train,1
12084,train,1
10982,train,4
6554,train,2
5316,train,4
12554,train,2
7579,train,1
4159,train,3
1288,train,1
4813,train,4
5123,train,2
1831,train,4
2313,train,2
13843,train,3
13320,train,1
2063,train,4
981,train,1
11555,train,4
2055,train,2
1909,train,3
13611,train,3
9729,train,1
12777,train,2
14206,train,3
1100,train,4
1743,train,4
536,train,1
121,train,4
10539,train,1
5305,train,1
8958,train,4
13567,train,3
2245,train,3
5366,train,1
6615,train,1
13342,train,2
6820,train,2
2741,train,3
10584,train,4
5566,train,2
9616,train,4
4616,train,4
7364,train,3
3543,train,3
1696,train,2
5380,train,3
10960,train,2
800,train,3
543,train,3
7535,train,1
12475,train,3
9526,train,1
13851,train,2
1791,train,4
5908,train,3
13739,train,1
41,train,3
7206,train,3
10824,train,1
8106,train,2
9141,train,3
6533,train,4
8578,train,4
9655,train,3
1407,train,1
12963,train,2
5788,train,1
7231,train,2
11366,train,1
8603,train,1
8885,train,3
8693,train,3
10119,train,4
6099,train,3
7450,train,3
9721,train,2
721,train,4
10461,train,2
10298,train,4
9988,train,4
11144,train,2
13401,train,2
5398,train,4
14316,train,3
7502,train,3
7899,train,1
6386,train,3
12718,train,2
1771,train,4
576,train,1
5140,train,4
9770,train,2
1821,train,2
12131,train,4
2172,train,4
10570,train,3
8395,train,1
11910,train,3
12694,train,2
4755,train,4
3525,train,2
11890,train,3
11881,train,2
2545,train,2
9883,train,2
4782,train,2
13178,train,1
9766,train,4
1169,train,4
5120,train,3
8642,train,2
5887,train,2
3095,train,1
529,train,1
3350,train,2
13202,train,4
4560,train,4
9212,train,4
3098,train,1
617,train,2
2600,train,4
10800,train,2
4111,train,4
895,train,3
12523,train,4
12605,train,3
6676,train,1
13661,train,1
9726,train,4
7789,train,4
12236,train,2
11237,train,1
5910,train,4
10587,train,4
8905,train,4
7235,train,2
9874,train,4
3612,train,3
3037,train,1
12613,train,1
178,train,4
2742,train,3
1305,train,2
2019,train,1
10999,train,4
1794,train,1
7411,train,2
373,train,4
5519,train,1
6898,train,2
2361,train,3
2981,train,1
3234,train,1
10709,train,1
6572,train,2
3983,train,3
5067,train,1
12250,train,1
154,train,4
3576,train,2
1737,train,1
1252,train,1
973,train,4
5396,train,3
892,train,4
7147,train,2
2860,train,3
3337,train,1
10759,train,1
2285,train,3
234,train,4
6468,train,1
13986,train,2
6903,train,3
9581,train,4
11908,train,4
8871,train,2
5338,train,4
7890,train,3
1967,train,4
5994,train,3
3404,train,1
11814,train,4
6813,train,1
3589,train,3
1911,train,3
7582,train,2
14026,train,2
8409,train,3
6632,train,2
1007,train,3
7715,train,4
1659,train,4
726,train,1
1677,train,2
2404,train,1
3044,train,1
3903,train,3
12717,train,2
10735,train,3
9898,train,1
4450,train,1
12172,train,4
9211,train,4
7891,train,3
11099,train,4
11381,train,4
1985,train,4
1883,train,1
5968,train,3
5239,train,2
10240,train,1
9137,train,3
5735,train,1
4319,train,2
12528,train,2
515,train,1
11376,train,4
2986,train,4
12049,train,3
4838,train,3
5996,train,3
5577,train,4
5238,train,2
13383,train,2
11474,train,3
9317,train,2
5462,train,1
13402,train,2
4395,train,3
4020,train,4
248,train,4
2895,train,3
13089,train,3
6857,train,3
1856,train,4
8120,train,3
1923,train,1
10177,train,3
3987,train,3
9740,train,3
5946,train,1
11138,train,3
4323,train,3
10079,train,3
6045,train,3
8849,train,3
2036,train,3
7675,train,1
1486,train,4
8938,train,3
5603,train,4
6580,train,4
12840,train,2
847,train,4
2911,train,4
13288,train,2
9619,train,2
846,train,3
8001,train,4
442,train,4
10208,train,3
3887,train,1
11765,train,4
2004,train,4
12874,train,1
3317,train,3
1548,train,2
5011,train,4
13300,train,1
10129,train,3
7102,train,2
6800,train,2
13601,train,2
5306,train,1
13264,train,1
10391,train,1
978,train,2
12300,train,3
6538,train,3
13510,train,2
7315,train,2
6601,train,2
8526,train,2
9586,train,3
7828,train,4
6177,train,2
1646,train,3
3272,train,1
7118,train,4
2120,train,2
244,train,4
10809,train,3
9225,train,4
10393,train,1
7598,train,4
4077,train,1
5821,train,2
5883,train,1
8917,train,4
6625,train,2
12732,train,2
4977,train,1
4379,train,3
8292,train,2
7379,train,3
10313,train,1
8394,train,1
2236,train,2
9517,train,1
10262,train,2
9121,train,3
13917,train,2
9200,train,3
8342,train,3
5584,train,1
2258,train,3
415,train,4
8187,train,3
5281,train,4
5674,train,1
3235,train,1
1649,train,3
4652,train,1
3687,train,2
501,train,1
11622,train,2
1026,train,3
7651,train,3
10200,train,1
1662,train,2
10306,train,2
2776,train,1
12425,train,4
10758,train,1
9804,train,4
1452,train,4
1096,train,1
5374,train,1
3303,train,4
13967,train,2
10005,train,3
10260,train,1
13473,train,2
8477,train,1
10838,train,4
2699,train,4
4032,train,4
889,train,4
11511,train,4
9693,train,4
2501,train,1
8407,train,1
2885,train,2
6651,train,1
10274,train,1
3232,train,1
11040,train,3
202,train,4
9760,train,2
9747,train,3
7429,train,4
1301,train,2
9119,train,4
1314,train,4
3768,train,3
4771,train,3
7120,train,2
980,train,1
6417,train,3
9100,train,1
4216,train,4
4693,train,4
9392,train,4
9511,train,3
9048,train,4
8430,train,2
9090,train,4
12471,train,1
7700,train,2
4930,train,3
9059,train,4
3488,train,4
5478,train,3
640,train,2
8568,train,2
5604,train,2
5277,train,1
11123,train,4
11141,train,4
5392,train,3
10847,train,2
5854,train,1
2667,train,4
1492,train,3
1039,train,3
14617,train,3
13883,train,3
11287,train,4
542,train,3
7448,train,4
6887,train,3
11343,train,3
1745,train,4
8779,train,4
812,train,4
440,train,4
3751,train,4
8080,train,4
6902,train,3
6421,train,1
3860,train,1
11880,train,2
9902,train,4
99,train,4
9356,train,2
13052,train,3
9572,train,4
9979,train,4
10993,train,3
12107,train,4
5794,train,4
1079,train,1
1294,train,1
6548,train,2
11854,train,4
5181,train,4
9741,train,3
1715,train,4
13114,train,2
5515,train,1
10545,train,3
11221,train,2
10039,train,4
4367,train,4
9647,train,1
11960,train,4
11163,train,1
4414,train,1
11969,train,2
12264,train,1
6467,train,2
9279,train,4
6787,train,2
7654,train,4
5695,train,3
9387,train,4
11093,train,2
5545,train,2
4706,train,2
7032,train,3
69,train,3
3466,train,2
7652,train,3
6131,train,2
6375,train,2
5284,train,4
11805,train,4
62,train,3
11541,train,2
2926,train,3
6266,train,3
8026,train,3
1816,train,3
7829,train,2
8180,train,3
3110,train,3
12346,train,1
4381,train,4
3461,train,1
3152,train,4
11537,train,3
4654,train,1
541,train,3
12363,train,2
1705,train,4
1717,train,2
7456,train,2
10995,train,4
11651,train,4
12731,train,2
6904,train,3
10378,train,2
760,train,4
449,train,2
1051,train,2
10879,train,4
784,train,3
4089,train,1
8164,train,3
4851,train,3
11109,train,3
13374,train,1
9300,train,3
8140,train,4
7153,train,3
10408,train,2
11603,train,3
2039,train,2
4988,train,1
4453,train,3
8813,train,2
8223,train,3
7886,train,2
10503,train,4
10840,train,4
12277,train,1
1466,train,3
7472,train,4
4436,train,3
2720,train,2
13811,train,3
7000,train,3
13736,train,1
7139,train,1
2761,train,4
8073,train,1
12132,train,2
4348,train,3
1472,train,1
2340,train,1
1224,train,2
13527,train,2
8870,train,2
570,train,1
9634,train,3
1868,train,4
11696,train,2
7104,train,1
10623,train,3
11074,train,1
12410,train,1
2823,train,3
6590,train,2
13230,train,1
3782,train,2
2653,train,2
9044,train,4
11751,train,3
11720,train,3
12618,train,1
1987,train,4
4557,train,4
2364,train,3
10213,train,1
9805,train,4
1703,train,3
366,train,4
11106,train,1
746,train,2
1094,train,1
3312,train,4
9949,train,4
7761,train,2
1631,train,3
12308,train,1
1961,train,2
9304,train,2
2530,train,2
10480,train,1
2410,train,2
11344,train,3
7043,train,2
2234,train,2
1458,train,3
1346,train,1
9605,train,1
4240,train,4
8440,train,3
6378,train,1
10952,train,4
9349,train,3
362,train,4
9683,train,1
5861,train,1
511,train,1
7981,train,2
16,train,3
9310,train,2
7614,train,3
3017,train,4
13381,train,2
9088,train,3
11333,train,4
6327,train,3
2799,train,3
10149,train,4
7797,train,4
2843,train,4
1964,train,1
5224,train,3
705,train,1
8466,train,2
3933,train,3
1470,train,4
12672,train,3
5099,train,4
2369,train,2
8239,train,3
12476,train,3
5122,train,2
2598,train,3
10195,train,4
7911,train,1
5964,train,1
4377,train,2
5209,train,3
2702,train,4
4991,train,1
8752,train,1
13321,train,1
5452,train,1
9983,train,4
10547,train,3
10036,train,4
1034,train,3
6536,train,1
8490,train,3
11739,train,4
2485,train,1
12251,train,1
11576,train,3
3301,train,4
7487,train,3
12651,train,3
8932,train,3
5697,train,4
10693,train,2
11808,train,4
11773,train,1
14197,train,3
1998,train,1
11181,train,4
9870,train,4
6732,train,2
9455,train,4
8826,train,3
2749,train,2
4109,train,4
6449,train,2
948,train,3
11605,train,1
4079,train,1
1107,train,4
9436,train,3
3610,train,2
13525,train,1
1088,train,2
10865,train,3
6184,train,2
8145,train,2
10044,train,4
7859,train,3
11116,train,2
6557,train,1
1952,train,1
11153,train,2
2631,train,3
3980,train,3
8862,train,4
4718,train,2
7852,train,1
12801,train,1
1349,train,4
3726,train,1
868,train,3
7944,train,1
13591,train,2
12022,train,3
659,train,1
3939,train,2
4767,train,4
2801,train,3
3631,train,1
10553,train,4
7571,train,4
11198,train,1
1902,train,4
5907,train,1
4411,train,3
2252,train,2
2724,train,3
11386,train,2
12838,train,2
9328,train,2
10975,train,4
5473,train,3
11231,train,4
9103,train,3
448,train,2
1972,train,4
4500,train,3
4780,train,2
12964,train,2
5282,train,1
8497,train,3
3817,train,3
10153,train,1
12635,train,1
7523,train,4
1650,train,3
8830,train,3
9084,train,3
5655,train,4
6200,train,4
11063,train,4
2329,train,1
3684,train,1
3647,train,4
11550,train,2
2817,train,4
13901,train,2
7384,train,4
2798,train,3
3766,train,1
8345,train,1
12699,train,2
1955,train,3
3526,train,1
7793,train,1
998,train,4
11082,train,3
9654,train,3
879,train,1
6285,train,1
1594,train,3
11860,train,1
372,train,4
6303,train,2
3637,train,3
8173,train,1
2961,train,2
13614,train,3
7630,train,3
12462,train,4
7821,train,4
13931,train,2
4566,train,2
4234,train,4
5208,train,3
8929,train,1
8229,train,2
8616,train,1
494,train,1
9707,train,4
8033,train,4
10714,train,2
1835,train,1
7692,train,3
13138,train,2
11211,train,3
6159,train,1
6383,train,1
10963,train,3
6734,train,2
397,train,4
2279,train,2
12850,train,2
8991,train,3
12317,train,1
666,train,1
4614,train,3
3565,train,1
3562,train,1
7808,train,3
1700,train,1
7990,train,4
5357,train,4
10887,train,4
11147,train,2
9277,train,4
10001,train,2
2771,train,4
0,train,3
8595,train,3
10278,train,1
7673,train,4
9734,train,1
13165,train,4
10022,train,4
13095,train,1
11972,train,4
6145,train,4
9501,train,1
5767,train,1
5472,train,2
5987,train,2
4143,train,3
3225,train,1
245,train,4
9068,train,3
14238,train,3
7301,train,1
1785,train,4
13974,train,2
11645,train,1
12380,train,2
5132,train,3
10127,train,3
2336,train,1
10037,train,3
1716,train,2
6535,train,2
9724,train,1
712,train,4
1666,train,3
192,train,4
14190,train,3
3353,train,2
4915,train,4
3096,train,1
8801,train,4
12344,train,2
10307,train,2
337,train,4
11358,train,3
8914,train,3
11901,train,3
13498,train,2
7159,train,2
11461,train,3
1033,train,1
4430,train,2
9488,train,3
3323,train,1
12746,train,1
11560,train,3
12763,train,3
787,train,4
7154,train,3
13112,train,2
6844,train,3
8013,train,1
593,train,2
7603,train,2
249,train,4
9363,train,1
11698,train,2
10775,train,4
9144,train,4
7517,train,3
4574,train,2
9065,train,3
2992,train,2
6376,train,2
8601,train,2
9108,train,2
10479,train,3
5395,train,3
2463,train,1
5023,train,3
7398,train,4
3153,train,4
636,train,4
14147,train,3
13492,train,2
1924,train,1
7288,train,2
2169,train,3
8520,train,2
8780,train,4
6133,train,3
10304,train,2
5981,train,1
2461,train,1
4312,train,4
6989,train,4
391,train,4
10510,train,4
3378,train,1
8366,train,3
11331,train,1
438,train,4
11547,train,3
7800,train,4
118,train,4
6211,train,1
1316,train,1
1111,train,2
1238,train,2
12899,train,4
7735,train,4
5537,train,1
6052,train,2
257,train,4
10101,train,2
6892,train,2
13681,train,3
5324,train,2
5863,train,2
12184,train,4
5553,train,2
6239,train,4
12782,train,2
1102,train,4
13514,train,1
4266,train,4
7481,train,3
1021,train,4
2096,train,2
6444,train,2
5144,train,2
11682,train,1
11409,train,2
7532,train,3
113,train,4
4062,train,2
8555,train,4
709,train,3
9049,train,4
8165,train,3
5055,train,1
9469,train,1
7962,train,4
8791,train,3
4037,train,4
429,train,4
8728,train,1
5776,train,3
6479,train,1
3963,train,1
5516,train,1
6031,train,2
2857,train,3
12111,train,2
4130,train,2
13064,train,2
13826,train,2
3121,train,4
934,train,3
1272,train,1
11031,train,1
6237,train,3
5200,train,2
7831,train,2
9590,train,3
12734,train,1
12347,train,1
3651,train,3
8493,train,1
2549,train,3
7459,train,1
1052,train,1
13733,train,1
1196,train,3
190,train,4
9703,train,4
10173,train,1
9221,train,4
7204,train,4
11525,train,3
369,train,4
7177,train,2
11443,train,4
5223,train,1
10331,train,4
108,train,4
11963,train,2
8387,train,4
12577,train,4
727,train,3
10104,train,2
3490,train,2
4265,train,4
3390,train,1
9250,train,4
7889,train,1
1389,train,4
5141,train,4
3670,train,2
7044,train,3
7818,train,1
13394,train,1
9892,train,4
5117,train,2
11944,train,1
7023,train,2
11258,train,3
295,train,4
724,train,1
11916,train,4
906,train,1
6246,train,3
3457,train,2
13513,train,3
3900,train,3
12588,train,3
8561,train,3
13475,train,2
186,train,4
14149,train,3
5289,train,1
11024,train,3
4485,train,1
5670,train,2
5872,train,2
5925,train,1
2067,train,4
183,train,4
290,train,4
8736,train,2
933,train,1
4270,train,2
14013,train,2
4540,train,1
1904,train,4
888,train,3
12343,train,2
6056,train,3
2907,train,3
14303,train,3
10727,train,2
504,train,1
1958,train,4
12854,train,1
11793,train,1
56,train,3
9247,train,1
9672,train,1
3141,train,3
10593,train,4
1532,train,1
6387,train,3
12623,train,4
5707,train,1
6576,train,3
12550,train,2
5493,train,2
7253,train,3
6876,train,3
1994,train,3
5698,train,4
669,train,3
486,train,2
4828,train,1
14282,train,3
13649,train,2
4086,train,1
696,train,3
1612,train,3
10314,train,1
12115,train,2
1162,train,1
12125,train,1
6502,train,4
9322,train,1
5972,train,4
8683,train,4
2660,train,1
11364,train,1
9624,train,1
13280,train,2
12024,train,2
1763,train,2
10716,train,4
10741,train,4
1256,train,2
11295,train,1
5956,train,1
301,train,4
9092,train,2
9379,train,1
3809,train,1
8111,train,1
8706,train,4
4494,train,2
13163,train,1
9236,train,1
5068,train,2
8492,train,1
3426,train,4
13379,train,1
3653,train,3
13822,train,2
10372,train,1
10047,train,2
6054,train,2
10835,train,3
32,train,3
1663,train,2
7067,train,3
3678,train,1
10088,train,2
8793,train,4
7193,train,3
4078,train,1
4469,train,2
3593,train,2
8742,train,1
8212,train,1
8730,train,3
12159,train,3
2331,train,1
1625,train,1
5207,train,3
1356,train,4
5171,train,1
5128,train,3
983,train,1
8019,train,2
2373,train,2
6104,train,2
7077,train,4
1259,train,4
11803,train,4
13944,train,2
1234,train,4
11867,train,1
2022,train,3
12247,train,2
5993,train,1
9822,train,4
1676,train,4
10146,train,1
620,train,3
4180,train,3
11437,train,2
6400,train,2
9010,train,4
10893,train,1
9315,train,2
8571,train,3
9192,train,2
9585,train,3
13622,train,1
6451,train,3
12463,train,1
444,train,4
10217,train,2
11475,train,4
5333,train,4
5157,train,4
5930,train,4
14139,train,3
275,train,4
12638,train,2
3212,train,1
6723,train,1
12165,train,2
10080,train,3
10069,train,4
12631,train,3
11990,train,2
8464,train,3
3218,train,1
7874,train,4
2512,train,1
6984,train,1
10730,train,3
3542,train,1
8805,train,1
5394,train,2
7657,train,2
150,train,4
6689,train,2
941,train,4
2271,train,4
9039,train,3
2167,train,1
11170,train,3
995,train,3
13330,train,1
8773,train,2
8128,train,1
2319,train,3
2143,train,1
8262,train,4
5219,train,3
10854,train,2
4830,train,4
5299,train,1
1738,train,3
6805,train,2
5559,train,2
7726,train,3
4873,train,1
13088,train,3
9645,train,1
9080,train,2
7779,train,1
1685,train,4
336,train,4
1428,train,3
7239,train,2
10436,train,4
4378,train,2
13241,train,2
4118,train,4
10430,train,3
10953,train,2
1760,train,2
14029,train,2
11434,train,1
1403,train,3
1814,train,4
2110,train,3
9937,train,1
8856,train,3
3830,train,4
2983,train,2
409,train,4
4151,train,3
10201,train,2
4330,train,1
6015,train,1
3242,train,4
604,train,2
7970,train,3
1926,train,1
468,train,2
3800,train,2
3188,train,4
8186,train,1
5259,train,1
11459,train,3
11276,train,2
6152,train,1
12453,train,2
5816,train,2
12807,train,3
5083,train,1
2974,train,3
1597,train,4
4763,train,4
12246,train,2
12938,train,2
3895,train,3
3354,train,1
2956,train,3
8897,train,1
13659,train,1
6023,train,2
11246,train,1
13423,train,2
3280,train,4
8230,train,2
9924,train,4
11419,train,3
13417,train,1
7294,train,3
2239,train,1
12226,train,4
8899,train,1
10791,train,4
1138,train,4
2154,train,4
4245,train,4
13181,train,1
8010,train,4
11933,train,4
9463,train,2
8255,train,1
3069,train,1
3820,train,4
5195,train,1
1015,train,1
12608,train,4
13256,train,2
10038,train,4
42,train,3
5944,train,2
3902,train,3
6197,train,2
8271,train,1
12016,train,1
9197,train,4
1506,train,4
12116,train,2
2758,train,1
12653,train,4
469,train,2
8083,train,2
2816,train,3
1864,train,1
9372,train,4
2945,train,4
7157,train,4
1087,train,4
6402,train,1
1409,train,3
2576,train,4
602,train,1
7170,train,2
1140,train,2
3685,train,2
8424,train,1
6718,train,2
7590,train,1
13744,train,2
1609,train,3
7849,train,3
10527,train,2
12832,train,2
5783,train,2
830,train,4
9875,train,2
4008,train,4
5257,train,4
2170,train,3
11053,train,1
12082,train,3
11487,train,4
6492,train,1
12795,train,3
2916,train,2
12046,train,1
7693,train,1
10845,train,2
8535,train,3
9608,train,3
6730,train,3
10697,train,4
1680,train,2
205,train,4
4018,train,4
4548,train,2
533,train,1
10092,train,1
4593,train,4
10979,train,4
2229,train,1
2561,train,3
6922,train,1
12633,train,2
10813,train,3
8790,train,4
4760,train,4
9964,train,4
4880,train,4
4599,train,3
8784,train,1
1036,train,4
8766,train,3
9523,train,1
795,train,4
13439,train,2
897,train,4
8651,train,4
12587,train,3
490,train,2
7647,train,1
7634,train,1
7011,train,2
13571,train,1
8481,train,3
7024,train,2
3357,train,3
2158,train,2
4458,train,2
12573,train,4
920,train,3
3632,train,1
8124,train,4
132,train,4
5837,train,2
5939,train,2
4332,train,3
9546,train,2
4619,train,2
8247,train,2
1170,train,2
11085,train,4
2614,train,2
9695,train,4
12195,train,4
8574,train,3
10449,train,1
4688,train,1
4993,train,1
11505,train,4
11285,train,3
4010,train,4
3100,train,1
12555,train,2
7201,train,1
6526,train,1
14510,train,3
5335,train,4
13122,train,2
13589,train,3
12035,train,1
10249,train,3
589,train,4
6842,train,1
10764,train,1
4976,train,1
2232,train,2
3385,train,3
6918,train,3
1817,train,4
8775,train,1
6168,train,2
1098,train,4
6573,train,2
11534,train,1
9376,train,4
13253,train,1
8279,train,2
4464,train,3
7358,train,2
13040,train,2
12188,train,1
1577,train,1
12416,train,3
4939,train,4
6007,train,1
3554,train,3
5922,train,1
11427,train,1
1062,train,4
4644,train,3
11598,train,2
13219,train,3
6083,train,1
1642,train,4
8620,train,1
9367,train,4
6388,train,4
6785,train,2
5142,train,2
13433,train,2
6147,train,3
3423,train,1
1774,train,2
10033,train,4
3725,train,4
5118,train,3
5960,train,2
1842,train,4
8250,train,1
3202,train,2
7499,train,1
7600,train,4
13758,train,1
9145,train,1
4515,train,3
9244,train,2
850,train,1
12516,train,4
443,train,4
519,train,1
7365,train,1
13886,train,2
12947,train,2
8327,train,4
13072,train,3
13404,train,1
10706,train,2
10720,train,1
11557,train,2
6719,train,1
13074,train,4
13652,train,2
334,train,4
5156,train,1
7840,train,3
2069,train,3
13810,train,2
6759,train,2
2883,train,1
2381,train,1
8904,train,4
7095,train,1
1202,train,2
1585,train,4
5170,train,2
13698,train,3
12337,train,3
5759,train,4
12043,train,2
7137,train,1
9479,train,4
12467,train,4
11073,train,2
2861,train,3
12719,train,2
11584,train,3
10664,train,3
6308,train,1
681,train,2
5158,train,4
12936,train,2
4325,train,3
673,train,3
2873,train,1
3547,train,3
12073,train,2
6824,train,1
6307,train,1
11250,train,4
12002,train,3
2781,train,3
1086,train,4
8941,train,3
3395,train,4
13107,train,2
591,train,2
12329,train,1
3230,train,2
12547,train,4
5212,train,4
5622,train,2
7033,train,1
6624,train,1
491,train,2
9283,train,3
9467,train,2
8096,train,1
9281,train,4
1298,train,3
8076,train,3
358,train,4
2891,train,4
2003,train,4
315,train,4
5353,train,3
5555,train,2
11711,train,2
6500,train,3
11820,train,2
3211,train,4
4282,train,1
8758,train,2
3448,train,1
157,train,4
7397,train,2
11310,train,4
938,train,1
12511,train,2
3463,train,1
13482,train,2
4907,train,2
7189,train,2
4102,train,1
6066,train,3
1769,train,3
9882,train,4
5561,train,2
4065,train,2
13454,train,1
8119,train,3
5924,train,1
3500,train,3
4449,train,2
7716,train,2
8474,train,3
10810,train,3
4810,train,3
10722,train,1
10371,train,4
11775,train,3
7987,train,4
10786,train,3
7082,train,2
6204,train,4
10522,train,1
2439,train,2
7042,train,2
418,train,4
6067,train,2
2731,train,3
9814,train,3
12122,train,3
13441,train,2
9140,train,1
1493,train,3
6818,train,3
6630,train,1
4208,train,4
688,train,2
12786,train,1
1792,train,2
1575,train,1
7263,train,3
1581,train,3
5081,train,2
4488,train,3
9652,train,3
11349,train,2
9016,train,3
4114,train,4
9242,train,1
7464,train,3
12864,train,4
10026,train,1
5092,train,4
6433,train,1
4486,train,3
13327,train,2
5882,train,1
3250,train,2
3112,train,4
10346,train,3
4146,train,4
8635,train,3
12869,train,2
11489,train,4
1488,train,3
2955,train,3
9930,train,2
18,train,3
12325,train,2
145,train,4
10171,train,1
8745,train,3
10866,train,4
10286,train,2
11433,train,1
7686,train,2
8515,train,2
2488,train,2
11665,train,4
8203,train,2
4655,train,1
9595,train,2
5713,train,2
6756,train,1
8860,train,4
12455,train,4
14564,train,3
3418,train,2
10111,train,3
9849,train,4
3342,train,2
13721,train,2
12368,train,3
6620,train,2
1810,train,1
8238,train,3
9079,train,2
7350,train,2
8809,train,2
10622,train,4
1418,train,3
3853,train,2
8107,train,2
10871,train,2
10043,train,4
6609,train,2
2783,train,3
10214,train,4
4555,train,3
13444,train,4
4135,train,1
12028,train,1
8266,train,2
3199,train,4
3359,train,4
13087,train,3
8446,train,3
7937,train,3
641,train,1
1617,train,2
11744,train,2
3669,train,2
3805,train,3
10397,train,1
3807,train,1
7318,train,2
10639,train,2
1365,train,4
13722,train,2
8731,train,3
1276,train,3
1566,train,1
7975,train,3
6807,train,4
6373,train,3
3741,train,2
3327,train,1
6961,train,1
13619,train,1
180,train,4
305,train,4
12814,train,1
8071,train,1
5303,train,2
4687,train,1
3293,train,3
10339,train,4
5731,train,3
12290,train,4
2593,train,2
10174,train,1
12702,train,2
684,train,1
1695,train,2
12245,train,4
7907,train,4
10501,train,4
3171,train,3
14636,train,3
7690,train,4
1435,train,1
13714,train,1
12194,train,4
2281,train,2
10517,train,1
5721,train,3
7508,train,3
1736,train,2
817,train,1
1853,train,4
2839,train,2
1147,train,1
3913,train,4
4701,train,3
6760,train,1
7054,train,1
3507,train,4
9448,train,3
8252,train,3
1509,train,4
2294,train,2
773,train,4
2099,train,4
1621,train,2
13414,train,1
7995,train,3
9713,train,4
2971,train,3
395,train,4
12199,train,2
7039,train,2
4357,train,4
9471,train,3
6653,train,1
2755,train,1
12504,train,4
8244,train,2
12258,train,4
9007,train,1
11152,train,1
496,train,1
7393,train,1
11620,train,1
1426,train,3
5264,train,4
9179,train,4
4638,train,3
7712,train,4
11544,train,3
11800,train,3
2227,train,2
10289,train,1
2848,train,3
11918,train,3
2746,train,4
7524,train,3
10612,train,2
7164,train,3
1387,train,4
6429,train,2
7195,train,3
2451,train,3
3988,train,3
5202,train,2
1230,train,3
991,train,4
1773,train,4
1793,train,2
11571,train,1
11723,train,3
3850,train,4
4337,train,3
73,train,3
4610,train,3
2293,train,2
3591,train,4
12079,train,1
6757,train,4
2760,train,2
8478,train,3
13091,train,3
10142,train,4
11983,train,2
21,train,3
8436,train,3
9670,train,2
13452,train,1
7885,train,2
11507,train,3
7979,train,4
11815,train,2
4189,train,3
1132,train,4
5253,train,4
9365,train,1
13248,train,2
3592,train,4
3287,train,1
12394,train,4
6921,train,2
4818,train,1
1390,train,4
12756,train,2
9578,train,4
1422,train,2
8709,train,4
7168,train,4
8976,train,4
2752,train,2
13957,train,2
4747,train,2
13304,train,2
3839,train,3
343,train,4
3694,train,4
6976,train,3
12145,train,1
8799,train,1
5528,train,2
8640,train,3
5554,train,2
2609,train,3
3219,train,3
4438,train,3
682,train,2
3050,train,1
7282,train,2
911,train,1
9191,train,4
5423,train,4
14241,train,3
10010,train,3
241,train,4
3754,train,2
6156,train,3
553,train,4
3777,train,1
12519,train,1
13282,train,2
11594,train,2
9453,train,4
10731,train,4
11520,train,3
11293,train,2
9262,train,1
5084,train,3
5906,train,1
6553,train,4
524,train,1
1523,train,2
5386,train,1
4641,train,3
13314,train,3
6779,train,4
12792,train,1
3049,train,1
3363,train,3
1906,train,4
5615,train,2
885,train,3
7894,train,4
9833,train,3
11438,train,2
12641,train,4
11124,train,2
5543,train,1
10558,train,1
4222,train,2
6196,train,2
12949,train,1
273,train,4
1759,train,2
12102,train,3
5085,train,1
5510,train,1
9751,train,4
12744,train,4
11019,train,4
1501,train,4
2486,train,4
5176,train,3
12441,train,4
11215,train,2
11467,train,2
2035,train,3
10505,train,4
7957,train,4
1818,train,4
5372,train,3
4580,train,1
9193,train,1
452,train,2
5274,train,3
10013,train,3
11590,train,1
10668,train,4
4962,train,3
1903,train,4
11143,train,4
12377,train,2
13259,train,2
757,train,4
10083,train,4
3729,train,3
12468,train,2
12421,train,1
7103,train,1
12602,train,4
13605,train,1
4448,train,2
8639,train,3
11978,train,3
8396,train,1
13031,train,1
5691,train,3
11728,train,2
2226,train,2
11432,train,4
9286,train,3
11320,train,4
3953,train,3
587,train,1
9587,train,3
4452,train,1
8974,train,4
9667,train,2
3194,train,3
13208,train,1
1806,train,3
4765,train,4
2927,train,3
4855,train,4
2203,train,2
5241,train,2
8786,train,1
10031,train,3
1779,train,2
5167,train,3
13511,train,1
1683,train,3
6478,train,1
2106,train,1
8467,train,3
3748,train,1
4288,train,3
9775,train,2
12038,train,4
7577,train,1
2376,train,2
13800,train,2
957,train,4
9574,train,4
1246,train,3
5151,train,4
2888,train,3
8139,train,3
4541,train,1
7860,train,3
3102,train,3
10910,train,3
6513,train,2
7480,train,1
8667,train,1
12050,train,3
6556,train,1
12546,train,4
1545,train,2
7461,train,3
12810,train,2
5497,train,2
6250,train,4
10239,train,1
2179,train,2
6791,train,3
3176,train,2
10967,train,3
4550,train,3
8448,train,4
4119,train,4
5249,train,3
5583,train,1
13056,train,1
3709,train,2
8729,train,4
2656,train,3
3147,train,4
9360,train,2
8488,train,3
3181,train,3
141,train,4
2958,train,4
4886,train,4
8458,train,1
13909,train,2
11858,train,4
10950,train,1
2213,train,4
11324,train,2
2202,train,4
12778,train,3
2466,train,1
12848,train,2
1519,train,2
5679,train,3
8088,train,4
11753,train,3
12071,train,4
12821,train,2
129,train,4
2517,train,4
1258,train,3
9922,train,4
12155,train,2
253,train,4
5852,train,4
7434,train,1
10785,train,3
12472,train,4
10772,train,4
547,train,4
12198,train,2
7229,train,2
717,train,1
4651,train,2
2647,train,3
13504,train,1
9772,train,2
6657,train,3
7730,train,2
12445,train,4
2774,train,1
2700,train,4
9684,train,4
6047,train,1
5479,train,3
1290,train,3
2586,train,3
2596,train,1
3178,train,1
9201,train,3
482,train,2
13629,train,2
12017,train,1
2972,train,3
9329,train,1
1432,train,4
1711,train,2
2140,train,1
3467,train,2
3572,train,3
7519,train,4
720,train,4
213,train,4
12242,train,3
6703,train,2
4134,train,1
12552,train,1
1593,train,3
6545,train,1
4778,train,2
4866,train,2
8543,train,3
6763,train,2
2682,train,3
12041,train,4
9948,train,4
9274,train,4
4039,train,4
3974,train,3
3856,train,2
9639,train,4
3936,train,1
5143,train,2
8647,train,1
8338,train,2
13223,train,2
6063,train,2
8959,train,4
2951,train,3
11519,train,3
10994,train,3
12700,train,2
8926,train,4
5578,train,1
8385,train,1
3043,train,1
9493,train,3
4680,train,2
3033,train,1
9228,train,2
11974,train,3
581,train,1
13246,train,2
4055,train,4
7643,train,3
4157,train,2
7264,train,2
9869,train,4
2378,train,2
3126,train,2
4441,train,4
10178,train,4
13872,train,2
965,train,3
7776,train,2
8382,train,4
85,train,4
6962,train,1
8792,train,4
5954,train,1
3253,train,4
5111,train,3
3189,train,4
8562,train,3
568,train,1
2065,train,2
14649,train,3
1889,train,3
6681,train,1
9950,train,4
12743,train,4
10312,train,2
4975,train,3
13005,train,4
2673,train,4
4339,train,4
7213,train,1
7298,train,4
10779,train,1
3865,train,4
6729,train,1
7986,train,4
12919,train,2
139,train,4
1770,train,4
4196,train,3
7006,train,3
13760,train,2
5832,train,1
10605,train,3
12809,train,4
10321,train,2
5311,train,4
11119,train,3
11158,train,4
10091,train,1
10191,train,1
1204,train,2
5153,train,4
10415,train,2
11663,train,3
6802,train,2
2476,train,1
9418,train,4
3220,train,4
2730,train,4
11273,train,2
2820,train,1
7597,train,3
2366,train,4
7841,train,3
9259,train,1
1108,train,4
13345,train,1
10221,train,3
11394,train,4
13307,train,2
1797,train,3
497,train,1
2830,train,4
9458,train,4
12185,train,4
10970,train,3
3673,train,2
5637,train,3
12025,train,2
8325,train,3
2332,train,4
6931,train,4
8016,train,3
7853,train,1
12204,train,3
3608,train,2
13135,train,2
6368,train,1
9668,train,2
10045,train,4
9440,train,1
5321,train,2
3332,train,4
2382,train,1
7232,train,3
4609,train,3
12586,train,3
4423,train,3
1570,train,3
1343,train,3
10831,train,4
11325,train,2
5988,train,1
9788,train,3
12966,train,2
11225,train,3
13117,train,2
3060,train,4
13870,train,3
6179,train,2
4306,train,1
5781,train,4
629,train,1
3646,train,1
7898,train,1
11922,train,3
3334,train,2
3379,train,3
80,train,4
5681,train,4
6348,train,2
7983,train,2
11993,train,4
506,train,1
2762,train,1
1611,train,3
5518,train,1
9194,train,1
6314,train,1
2793,train,1
58,train,3
131,train,4
7307,train,2
11402,train,3
5198,train,1
9232,train,2
3743,train,2
4837,train,3
6409,train,1
11985,train,1
13243,train,4
8301,train,2
8678,train,1
13918,train,2
5672,train,1
6277,train,3
11016,train,2
708,train,3
5192,train,1
8797,train,1
4812,train,4
10667,train,4
4724,train,2
3614,train,4
7001,train,4
11708,train,2
10984,train,2
11500,train,2
11699,train,2
4635,train,4
2539,train,3
9498,train,1
11718,train,3
11592,train,1
12414,train,3
6470,train,2
11981,train,4
3945,train,3
11266,train,2
4821,train,1
6897,train,1
3138,train,1
5676,train,1
10282,train,3
7583,train,1
5892,train,3
5425,train,1
1828,train,2
8041,train,1
5126,train,1
5753,train,1
5433,train,1
2223,train,2
12579,train,4
9307,train,3
5359,train,4
6036,train,3
10596,train,3
3852,train,4
1029,train,4
2365,train,3
1694,train,2
1640,train,4
4314,train,3
8757,train,4
12621,train,3
10858,train,1
4047,train,4
1050,train,2
13352,train,2
4639,train,3
8815,train,4
4807,train,1
3336,train,2
8735,train,2
11456,train,2
13082,train,2
8457,train,2
13490,train,1
5859,train,2
3305,train,1
6839,train,2
2334,train,1
12543,train,3
5091,train,4
10409,train,2
6611,train,2
5609,train,1
1912,train,3
11522,train,1
12913,train,3
1287,train,2
6949,train,3
2688,train,2
9031,train,3
11497,train,2
12955,train,2
5641,train,3
8392,train,1
2354,train,2
326,train,4
8529,train,3
3441,train,2
8413,train,3
13983,train,2
14380,train,3
3388,train,2
3475,train,3
3788,train,4
9343,train,1
9019,train,4
3298,train,4
10846,train,2
11506,train,1
9362,train,1
8662,train,4
2337,train,4
13123,train,2
10723,train,1
11926,train,4
10987,train,1
6158,train,3
4742,train,3
9120,train,3
10842,train,4
2892,train,4
6113,train,2
12314,train,4
7876,train,3
2805,train,2
11782,train,2
8061,train,2
4272,train,2
11853,train,4
13559,train,3
3691,train,3
14661,train,3
350,train,4
10572,train,4
2149,train,2
9409,train,4
10511,train,4
7075,train,1
2610,train,3
9248,train,2
8646,train,1
11578,train,2
13926,train,2
656,train,2
12040,train,4
2881,train,2
4030,train,4
3858,train,1
6899,train,3
9083,train,4
8193,train,3
2444,train,2
12510,train,2
7656,train,2
8358,train,4
12813,train,2
9570,train,4
9855,train,1
11586,train,4
12998,train,1
12793,train,4
9897,train,2
10163,train,3
1882,train,2
4359,train,4
8597,train,3
9359,train,1
12345,train,2
1297,train,1
6143,train,4
6714,train,1
2075,train,1
1539,train,4
11277,train,1
12411,train,3
8696,train,3
5647,train,4
8579,train,4
83,train,4
8867,train,3
10837,train,3
2237,train,2
3414,train,4
618,train,4
2579,train,3
13378,train,4
12683,train,2
2560,train,3
317,train,4
3104,train,4
6309,train,1
13743,train,2
2980,train,2
6127,train,3
5967,train,1
11526,train,3
12465,train,3
5806,train,2
13727,train,1
4558,train,1
2168,train,3
11849,train,1
12703,train,1
8741,train,1
4902,train,2
2403,train,1
2165,train,3
3796,train,3
9812,train,3
5814,train,3
3436,train,4
7431,train,3
1627,train,1
84,train,4
8764,train,3
11837,train,2
4966,train,2
838,train,1
8869,train,4
8614,train,1
10486,train,1
8724,train,4
11367,train,2
1658,train,4
3269,train,4
13294,train,2
11416,train,1
7568,train,4
8628,train,2
8800,train,3
6692,train,2
5889,train,2
13105,train,2
8978,train,4
3908,train,3
12473,train,4
9008,train,3
10487,train,1
11518,train,1
4427,train,3
11956,train,4
6084,train,1
1198,train,4
7591,train,3
6205,train,4
7530,train,1
7331,train,2
307,train,4
13503,train,2
4682,train,2
387,train,4
413,train,4
2597,train,1
4104,train,3
5147,train,3
151,train,4
3137,train,1
10660,train,3
2058,train,2
14020,train,2
5296,train,1
2042,train,1
8933,train,4
71,train,3
11596,train,3
3876,train,1
11078,train,4
13355,train,2
10266,train,4
8039,train,3
8142,train,2
8541,train,1
770,train,2
14562,train,3
9825,train,2
11851,train,1
4611,train,3
11755,train,2
1637,train,3
12884,train,2
3427,train,4
10245,train,3
13140,train,1
10484,train,1
13972,train,2
13217,train,4
2254,train,2
11634,train,4
4063,train,2
181,train,4
8671,train,1
12518,train,2
10376,train,2
8185,train,1
2339,train,1
12751,train,3
13347,train,1
10351,train,1
9380,train,4
13526,train,2
14237,train,3
1552,train,1
2241,train,1
6937,train,2
4239,train,3
10962,train,3
10271,train,1
3167,train,3
8949,train,3
9159,train,3
2162,train,4
1091,train,3
4577,train,2
7593,train,3
7912,train,1
12940,train,2
2393,train,3
10098,train,1
10236,train,4
11863,train,4
5807,train,2
6709,train,2
2421,train,2
8877,train,4
3179,train,1
332,train,4
9742,train,3
652,train,2
5716,train,1
4822,train,1
6367,train,1
595,train,2
5940,train,1
11262,train,3
7845,train,4
6521,train,4
1048,train,4
2021,train,3
5463,train,1
3633,train,4
737,train,3
12149,train,4
935,train,4
11604,train,2
9066,train,4
3621,train,1
10700,train,4
7256,train,2
6112,train,2
4721,train,2
796,train,2
12593,train,2
9292,train,3
7580,train,1
11076,train,4
6297,train,1
12459,train,2
13516,train,2
13501,train,1
6033,train,2
148,train,4
1533,train,1
434,train,4
3145,train,4
10058,train,3
14222,train,3
9095,train,1
12629,train,4
715,train,2
8428,train,4
2836,train,1
10015,train,3
4017,train,1
11772,train,3
5809,train,1
9923,train,4
4716,train,2
4735,train,1
13670,train,1
2565,train,4
1777,train,3
1812,train,1
823,train,3
7244,train,2
2101,train,2
6081,train,1
7108,train,4
10532,train,4
5444,train,3
3786,train,2
13047,train,1
11080,train,3
7455,train,4
10648,train,3
328,train,4
8761,train,3
9998,train,3
4292,train,2
13462,train,2
7246,train,2
1702,train,3
12771,train,2
7053,train,2
7616,train,3
5247,train,2
3954,train,4
1078,train,1
8547,train,2
11021,train,4
12458,train,4
10338,train,4
7996,train,4
3586,train,3
12562,train,3
5039,train,4
3264,train,1
5576,train,4
7892,train,3
12069,train,4
9124,train,4
9813,train,3
11114,train,2
10317,train,3
13812,train,3
10469,train,1
4781,train,2
6670,train,2
5283,train,4
9958,train,3
9053,train,1
12498,train,2
12585,train,2
9568,train,2
8272,train,4
8049,train,4
1956,train,4
7631,train,1
621,train,2
1752,train,4
4885,train,4
1727,train,4
9217,train,4
4247,train,4
239,train,4
8043,train,3
6831,train,2
2804,train,2
2089,train,4
9876,train,3
7622,train,4
10412,train,2
11861,train,4
7267,train,1
10618,train,4
3718,train,4
8378,train,3
12309,train,1
12225,train,4
7658,train,2
9432,train,1
310,train,4
3344,train,1
6743,train,2
6302,train,4
4307,train,1
13090,train,1
2425,train,3
7909,train,4
8577,train,4
13173,train,1
6347,train,1
9893,train,4
9597,train,2
6863,train,2
6176,train,2
4582,train,1
11045,train,1
7806,train,1
6039,train,2
960,train,3
2010,train,1
13055,train,1
12095,train,4
3386,train,4
1517,train,4
945,train,3
13197,train,2
9750,train,4
5228,train,1
5362,train,2
12070,train,4
8600,train,2
5708,train,1
4709,train,2
2443,train,2
10327,train,1
14465,train,3
6044,train,1
1932,train,2
11928,train,3
9612,train,3
11995,train,4
11602,train,3
6741,train,3
314,train,4
526,train,1
13106,train,2
12136,train,4
6082,train,1
3365,train,4
11095,train,1
8465,train,2
10293,train,3
8584,train,1
12241,train,4
1180,train,3
4361,train,4
5894,train,1
4626,train,1
5367,train,1
5513,train,1
14151,train,3
8388,train,4
11843,train,1
839,train,1
7343,train,1
12285,train,1
4608,train,3
86,train,4
1453,train,4
7058,train,2
6815,train,2
8517,train,2
7870,train,4
5955,train,2
4945,train,3
6457,train,2
1660,train,4
13813,train,2
5483,train,3
271,train,4
4911,train,3
2338,train,2
503,train,1
7005,train,3
4251,train,4
3042,train,1
13558,train,1
5457,train,2
2032,train,2
1145,train,1
4248,train,4
1726,train,4
4053,train,4
13756,train,1
12431,train,1
4762,train,1
3862,train,3
6369,train,1
7210,train,2
10804,train,1
3417,train,2
13239,train,1
11535,train,1
4128,train,2
8320,train,3
11647,train,3
10420,train,3
3740,train,2
13308,train,3
13529,train,1
2176,train,1
8038,train,3
11108,train,2
3919,train,2
718,train,1
10081,train,3
6711,train,1
27,train,3
3791,train,4
2763,train,1
4856,train,4
1480,train,3
12599,train,1
13362,train,2
8463,train,2
7128,train,2
10688,train,1
4376,train,1
11372,train,4
385,train,4
1641,train,4
1742,train,3
2727,train,1
10374,train,2
11998,train,4
1478,train,1
40,train,3
2719,train,2
7222,train,4
9378,train,4
12969,train,2
12209,train,1
3745,train,2
123,train,4
7578,train,1
12760,train,1
133,train,4
9050,train,4
5900,train,2
5585,train,1
10986,train,2
13982,train,3
837,train,1
9709,train,1
1209,train,1
199,train,4
8875,train,1
7525,train,3
1398,train,3
13099,train,1
525,train,1
283,train,4
13385,train,1
12539,train,3
9101,train,4
9691,train,4
4561,train,4
5980,train,1
50,train,3
4467,train,4
5927,train,3
2250,train,2
3435,train,4
10247,train,3
1786,train,4
2033,train,3
7052,train,2
4746,train,4
6215,train,4
1921,train,1
4987,train,1
4048,train,4
12863,train,4
284,train,4
7247,train,2
2703,train,2
12833,train,2
1869,train,4
6505,train,2
3869,train,2
8690,train,4
3122,train,4
11423,train,2
2796,train,1
7284,train,2
10546,train,3
7132,train,3
2211,train,4
8401,train,3
11037,train,3
7777,train,2
13476,train,2
2556,train,1
7917,train,1
5851,train,1
8201,train,2
6985,train,1
7215,train,1
4233,train,3
6833,train,4
7412,train,1
5890,train,1
7681,train,2
7202,train,1
5596,train,3
233,train,4
10632,train,3
4584,train,1
11872,train,4
10477,train,3
13741,train,1
7809,train,4
12684,train,2
8886,train,3
11690,train,1
321,train,4
2628,train,1
820,train,3
12379,train,4
10326,train,2
6079,train,4
10443,train,3
11689,train,1
11177,train,3
8613,train,1
4788,train,1
12720,train,3
4396,train,4
9017,train,3
5450,train,1
1713,train,1
4563,train,4
11001,train,4
2274,train,2
5399,train,1
8977,train,4
6698,train,1
2151,train,1
2523,train,3
2629,train,1
2670,train,4
7513,train,2
12227,train,2
3727,train,4
4287,train,3
6735,train,1
6267,train,2
172,train,4
12645,train,2
1382,train,1
2529,train,2
9270,train,2
7641,train,1
8884,train,3
8674,train,3
12335,train,3
7020,train,3
5831,train,2
4092,train,1
10379,train,1
426,train,4
11186,train,3
8398,train,2
7838,train,3
9941,train,4
8155,train,2
2186,train,4
1156,train,4
5592,train,1
35,train,3
10396,train,1
9056,train,2
7333,train,2
5645,train,4
6600,train,2
9078,train,2
11883,train,3
13353,train,1
10130,train,3
7551,train,3
10861,train,3
5755,train,1
8746,train,3
8911,train,1
3703,train,1
12916,train,3
11253,train,3
9289,train,3
5690,train,3
1054,train,4
8868,train,3
5813,train,1
514,train,1
10792,train,4
4879,train,4
9465,train,2
12266,train,4
3843,train,3
9848,train,4
11510,train,3
1025,train,1
138,train,4
612,train,1
7803,train,1
13395,train,3
7848,train,4
13430,train,2
6393,train,1
11672,train,2
12706,train,2
11268,train,2
1303,train,2
6870,train,1
12150,train,3
12950,train,1
10361,train,3
5666,train,2
98,train,4
9115,train,2
5689,train,2
1848,train,3
5174,train,4
11479,train,2
9173,train,1
3088,train,2
1320,train,2
11780,train,2
12990,train,2
992,train,4
7124,train,3
13517,train,1
2049,train,1
3156,train,1
2435,train,4
13195,train,2
5985,train,2
5923,train,1
8906,train,3
5653,train,4
7345,train,3
2585,train,3
10733,train,1
6138,train,1
11664,train,4
3819,train,4
1073,train,4
5991,train,1
13077,train,1
2510,train,4
11564,train,4
1543,train,4
13041,train,2
12923,train,1
7474,train,2
1317,train,4
7534,train,1
5808,train,1
7745,train,1
4221,train,2
4281,train,1
9942,train,3
833,train,1
7959,train,4
4465,train,3
6628,train,1
7395,train,1
8135,train,2
7146,train,3
3911,train,3
994,train,4
7029,train,2
14002,train,2
3575,train,2
6522,train,2
2296,train,1
11029,train,4
7462,train,4
6866,train,1
9632,train,3
4184,train,1
11965,train,2
556,train,4
4799,train,1
7291,train,4
11086,train,3
12189,train,1
13255,train,2
7965,train,4
7550,train,3
3960,train,3
13038,train,3
6075,train,3
9781,train,2
3970,train,3
1399,train,4
1265,train,2
14577,train,3
5229,train,3
5127,train,4
10203,train,4
8531,train,3
8267,train,2
4194,train,3
6627,train,1
2747,train,4
12143,train,4
2363,train,3
13540,train,1
996,train,3
11806,train,4
6864,train,2
10126,train,2
12096,train,3
11891,train,4
5588,train,1
6619,train,2
7921,train,1
10238,train,1
790,train,4
5700,train,2
4800,train,1
116,train,4
2587,train,4
13837,train,2
2189,train,2
11338,train,2
7710,train,3
2824,train,3
8264,train,2
229,train,4
9215,train,4
3789,train,4
4777,train,2
8003,train,1
313,train,4
12937,train,2
10636,train,4
7554,train,4
5018,train,1
7964,train,4
9122,train,3
10125,train,4
3952,train,3
5413,train,1
12532,train,1
10771,train,4
7751,train,4
13398,train,2
159,train,4
12685,train,4
739,train,3
11135,train,3
13496,train,1
7069,train,4
10074,train,3
3799,train,4
4454,train,3
2397,train,2
6776,train,2
12235,train,3
10621,train,3
12991,train,4
2635,train,3
8181,train,2
7770,train,4
13168,train,1
7375,train,2
2566,train,4
13782,train,3
5484,train,3
12710,train,4
1348,train,4
2704,train,1
3231,train,1
1784,train,3
6617,train,2
11363,train,1
4285,train,1
9723,train,1
8414,train,3
1697,train,1
3433,train,1
12853,train,1
3664,train,2
10592,train,2
6540,train,4
9497,train,1
8115,train,1
3267,train,4
10259,train,1
402,train,4
200,train,4
786,train,3
2251,train,2
13200,train,2
10588,train,4
12673,train,3
9915,train,1
10291,train,2
7538,train,4
10659,train,3
3892,train,1
3870,train,2
10134,train,3
6841,train,1
7136,train,2
4648,train,2
5943,train,2
8102,train,3
487,train,2
6995,train,3
6886,train,2
11272,train,3
5962,train,1
10523,train,1
13093,train,3
10521,train,1
10875,train,1
6183,train,3
9790,train,3
1562,train,2
5512,train,1
13067,train,3
7224,train,3
3816,train,3
12072,train,4
1112,train,3
4393,train,1
13204,train,2
12622,train,3
3553,train,1
2479,train,1
9371,train,4
9086,train,3
204,train,4
7234,train,2
11871,train,4
11064,train,4
10283,train,3
6086,train,2
7842,train,3
1336,train,1
3370,train,2
4888,train,1
12293,train,4
7295,train,4
3268,train,4
1042,train,2
4496,train,2
9433,train,3
2990,train,4
12130,train,4
9871,train,4
11315,train,4
700,train,1
10154,train,1
11480,train,1
12106,train,4
9457,train,4
6552,train,3
6527,train,3
9325,train,2
287,train,4
11846,train,1
1934,train,1
3029,train,2
5070,train,4
12021,train,1
9240,train,1
8169,train,3
12660,train,2
12448,train,1
6566,train,1
12124,train,3
1153,train,4
11057,train,4
7744,train,3
3540,train,1
5467,train,1
7289,train,4
12302,train,2
8608,train,4
9447,train,3
1750,train,4
7723,train,3
639,train,1
2246,train,3
2153,train,4
11695,train,2
13309,train,1
7666,train,2
3078,train,3
11383,train,4
11677,train,2
9865,train,4
6561,train,3
5163,train,2
7727,train,2
5100,train,4
23,train,3
6770,train,4
11297,train,2
9925,train,4
12932,train,1
12386,train,3
7699,train,3
1240,train,1
799,train,1
2694,train,3
1370,train,3
4728,train,2
7867,train,1
13334,train,2
12423,train,4
2865,train,2
13103,train,1
9803,train,4
9082,train,1
4463,train,3
14283,train,3
3917,train,2
6382,train,2
13069,train,2
1090,train,3
7804,train,1
1002,train,2
5621,train,4
12326,train,2
4564,train,4
6011,train,1
8356,train,3
8307,train,4
1146,train,4
9107,train,2
1887,train,2
13373,train,1
39,train,3
5877,train,2
1979,train,3
4745,train,4
3474,train,3
8943,train,1
6231,train,1
10908,train,3
12058,train,2
9285,train,3
5449,train,2
12995,train,2
8993,train,4
153,train,4
12620,train,4
6256,train,2
4756,train,3
2954,train,3
10185,train,1
9912,train,3
10276,train,2
12362,train,2
2276,train,2
7140,train,1
4815,train,2
5941,train,3
10698,train,4
6860,train,2
4173,train,1
8416,train,4
2013,train,2
5741,train,3
3150,train,4
5973,train,4
2124,train,1
3560,train,1
527,train,1
8525,train,4
4727,train,2
4736,train,1
12289,train,3
5678,train,3
964,train,3
29,train,3
664,train,2
388,train,4
11442,train,1
11666,train,4
7122,train,3
7576,train,1
119,train,4
10878,train,1
4671,train,3
264,train,4
2502,train,1
10803,train,3
4920,train,2
11707,train,2
1992,train,1
741,train,3
2711,train,3
5568,train,2
2198,train,3
10745,train,3
12014,train,3
5459,train,2
6403,train,1
1790,train,3
3424,train,1
9435,train,3
6901,train,1
11599,train,1
2928,train,3
11781,train,2
13108,train,1
3412,train,3
12619,train,1
4985,train,2
4820,train,1
9972,train,1
10965,train,3
4440,train,3
7015,train,2
7783,train,3
2833,train,2
2060,train,1
6992,train,2
979,train,2
10502,train,4
11530,train,2
8717,train,3
5237,train,2
6967,train,2
10468,train,3
6149,train,2
5044,train,1
11428,train,3
5903,train,3
1384,train,1
5186,train,2
2370,train,2
7719,train,4
1604,train,3
11673,train,2
1901,train,4
12534,train,1
8176,train,1
10888,train,4
616,train,2
3785,train,4
5301,train,2
10646,train,2
6940,train,3
4708,train,2
5867,train,2
6418,train,2
10665,train,4
6334,train,2
9477,train,4
6900,train,1
4366,train,4
9147,train,4
10440,train,3
5275,train,1
2581,train,2
11546,train,4
6869,train,1
8716,train,4
5416,train,1
13763,train,2
367,train,4
8814,train,4
495,train,1
6260,train,4
11203,train,2
7387,train,4
7008,train,4
1397,train,3
137,train,4
12451,train,4
4940,train,1
14210,train,3
6713,train,1
2125,train,2
2622,train,1
6640,train,2
12753,train,4
944,train,3
7226,train,2
12244,train,4
7094,train,2
12505,train,3
6682,train,1
3620,train,1
13073,train,4
12339,train,3
5236,train,4
1059,train,2
299,train,4
70,train,3
7771,train,4
10246,train,3
217,train,4
12181,train,2
5378,train,2
5060,train,4
4534,train,2
3290,train,4
6725,train,2
10699,train,4
4559,train,4
13472,train,1
13455,train,1
9046,train,4
10822,train,3
864,train,4
5820,train,2
13167,train,2
11357,train,3
7729,train,2
9859,train,4
12500,train,2
2107,train,1
11512,train,4
10568,train,3
2325,train,4
8617,train,1
1135,train,3
13366,train,3
10329,train,3
3451,train,3
6980,train,2
1419,train,4
5159,train,3
3891,train,3
939,train,3
4876,train,4
10642,train,2
7328,train,1
485,train,2
13001,train,2
7851,train,1
9717,train,4
9482,train,2
10145,train,1
4141,train,3
11573,train,3
5998,train,4
5870,train,2
13916,train,3
4957,train,2
12083,train,4
2570,train,2
10609,train,4
10085,train,4
6221,train,1
4650,train,2
12176,train,4
12657,train,3
5105,train,2
13039,train,1
4298,train,4
5811,train,2
10821,train,4
8460,train,1
7915,train,1
6419,train,2
12148,train,1
4001,train,4
13245,train,2
4667,train,3
10676,train,1
12190,train,3
1123,train,1
2812,train,1
8375,train,2
9614,train,4
296,train,4
9091,train,2
11327,train,2
12962,train,4
4791,train,1
11767,train,4
9843,train,3
13593,train,1
5089,train,1
9644,train,2
1228,train,3
8094,train,2
5673,train,1
9284,train,3
6182,train,3
509,train,1
6501,train,3
8586,train,1
6244,train,1
8630,train,3
8202,train,2
7150,train,1
8713,train,3
10586,train,2
7498,train,1
12835,train,1
8482,train,3
9613,train,3
7421,train,3
13535,train,3
10902,train,4
10696,train,4
14466,train,3
8113,train,1
11469,train,3
4519,train,2
8821,train,1
3440,train,2
6968,train,2
11984,train,1
10795,train,1
7938,train,3
1023,train,2
1648,train,3
11670,train,4
9000,train,1
6201,train,3
5364,train,2
1309,train,2
147,train,4
10235,train,4
10232,train,3
9114,train,2
1497,train,3
5177,train,3
5062,train,1
6666,train,2
4289,train,3
13033,train,1
383,train,4
13150,train,2
5736,train,4
2996,train,2
9347,train,1
13292,train,1
6835,train,3
5327,train,1
3289,train,3
7670,train,1
2831,train,2
5550,train,2
6765,train,4
12151,train,3
7038,train,3
10862,train,3
8645,train,2
8837,train,4
11149,train,1
11361,train,2
7353,train,4
6206,train,2
5203,train,2
1849,train,3
11289,train,4
12254,train,3
4824,train,1
5382,train,3
5541,train,1
4951,train,4
13043,train,4
7494,train,3
8530,train,3
420,train,4
7687,train,4
1455,train,4
10814,train,4
3615,train,4
13738,train,1
858,train,3
7764,train,1
10640,train,1
182,train,4
2868,train,3
13865,train,3
10891,train,1
10078,train,3
5418,train,1
11055,train,3
2249,train,2
7217,train,1
8269,train,1
5323,train,2
1633,train,4
13326,train,4
886,train,3
10894,train,4
927,train,1
4081,train,4
7709,train,1
8058,train,1
5711,train,3
6817,train,2
11885,train,3
4350,train,4
1614,train,4
1222,train,4
9022,train,2
9621,train,2
12417,train,2
7549,train,3
13599,train,2
11556,train,4
8122,train,4
10749,train,3
9243,train,4
4602,train,1
6397,train,3
3177,train,2
12989,train,2
1069,train,1
12137,train,4
3052,train,1
10028,train,1
7451,train,3
9986,train,2
4731,train,2
5542,train,1
3950,train,3
3476,train,3
471,train,2
11190,train,3
10589,train,4
12716,train,1
5007,train,1
953,train,1
4271,train,2
8365,train,3
9736,train,3
4507,train,2
3773,train,2
4529,train,3
4997,train,1
9697,train,4
5300,train,3
12909,train,1
4954,train,2
4689,train,1
13380,train,2
1991,train,1
11213,train,2
4797,train,1
4341,train,4
1755,train,2
2448,train,3
3645,train,1
6943,train,3
5063,train,3
8548,train,2
6106,train,2
9113,train,3
6570,train,4
11737,train,2
3832,train,1
12469,train,2
3304,train,2
8029,train,4
7013,train,1
1189,train,4
11774,train,3
7512,train,2
3812,train,3
9567,train,2
3984,train,3
3597,train,1
10690,train,3
9987,train,2
6055,train,1
3721,train,3
4101,train,1
3680,train,1
3430,train,2
7701,train,2
5012,train,4
11196,train,2
2359,train,3
13419,train,2
6120,train,2
316,train,4
5061,train,2
6978,train,4
2028,train,3
1438,train,1
6341,train,2
4421,train,3
12776,train,4
2353,train,2
8353,train,3
9206,train,3
13075,train,4
9887,train,2
3273,train,3
13060,train,2
2287,train,4
11862,train,4
12957,train,1
4327,train,4
6582,train,1
535,train,1
8719,train,4
4336,train,3
11379,train,3
11899,train,3
1900,train,4
3001,train,4
8845,train,1
8927,train,4
10381,train,1
8475,train,3
5605,train,3
14654,train,3
2991,train,4
9302,train,1
7628,train,3
8942,train,1
12218,train,3
761,train,1
11012,train,4
7927,train,2
1358,train,1
1028,train,4
2733,train,1
4893,train,1
8610,train,1
7567,train,3
7227,train,2
8510,train,4
12939,train,2
12395,train,4
4284,train,1
828,train,3
1893,train,4
9907,train,3
11454,train,1
12575,train,4
5383,train,2
4132,train,1
13505,train,1
6934,train,4
13214,train,2
103,train,4
697,train,3
7989,train,2
4493,train,2
3708,train,2
5129,train,2
1251,train,1
7272,train,1
219,train,4
599,train,1
5848,train,2
7940,train,4
3442,train,1
10450,train,1
1672,train,4
8065,train,3
13059,train,2
9552,train,4
12674,train,4
7360,train,1
3834,train,3
6466,train,4
10655,train,3
1429,train,3
5320,train,4
11542,train,1
9456,train,4
1799,train,1
12238,train,2
12144,train,1
1171,train,1
2514,train,1
5742,train,3
873,train,3
12055,train,4
4817,train,1
10016,train,3
6679,train,2
12730,train,2
9934,train,2
9323,train,2
12213,train,4
2434,train,3
8402,train,1
12841,train,1
1323,train,3
11087,train,3
3797,train,3
6771,train,4
6037,train,3
729,train,1
4492,train,2
4354,train,2
12304,train,2
2521,train,1
1024,train,1
7274,train,3
7100,train,3
1163,train,2
3059,train,4
476,train,2
11638,train,1
4516,train,4
13277,train,2
13768,train,2
9555,train,2
11816,train,2
2379,train,2
8806,train,1
11937,train,4
8602,train,2
9480,train,2
797,train,2
5844,train,3
4211,train,4
2950,train,4
11627,train,4
1568,train,1
10743,train,3
3888,train,1
7825,train,4
9646,train,1
1374,train,3
1756,train,1
1636,train,1
5664,train,2
6917,train,3
2908,train,3
2876,train,3
6208,train,2
7417,train,4
8141,train,2
11261,train,3
2548,train,1
3168,train,3
6480,train,1
12974,train,1
13228,train,2
1192,train,2
8373,train,2
13141,train,1
11612,train,1
12206,train,4
814,train,2
6002,train,2
308,train,4
6498,train,1
11961,train,4
5589,train,1
9276,train,3
10428,train,3
13063,train,2
9024,train,1
8710,train,2
8218,train,1
10394,train,1
10747,train,3
11713,train,3
12303,train,2
2650,train,3
1907,train,2
4229,train,1
12527,train,2
3326,train,1
7732,train,3
4021,train,4
5710,train,1
13543,train,1
566,train,2
2469,train,1
10021,train,4
12640,train,2
4313,train,4
11649,train,1
10780,train,1
2144,train,1
7864,train,2
6234,train,3
9967,train,4
7901,train,4
2538,train,1
433,train,4
7949,train,1
572,train,1
45,train,3
520,train,1
2474,train,1
12420,train,1
11255,train,1
6740,train,1
13892,train,2
9808,train,4
7031,train,3
3000,train,4
3285,train,2
12147,train,4
1970,train,4
8404,train,1
8833,train,4
1386,train,3
2583,train,1
8420,train,4
13315,train,2
3254,train,4
1862,train,4
4428,train,4
6959,train,1
8035,train,2
9928,train,2
10483,train,1
5947,train,2
9945,train,4
3823,train,4
3864,train,3
1327,train,4
1984,train,3
2705,train,1
12446,train,2
11187,train,3
5825,train,2
6506,train,1
163,train,4
193,train,4
8293,train,2
14618,train,3
5094,train,3
13212,train,1
11081,train,2
5640,train,3
13554,train,1
523,train,1
4004,train,4
12978,train,4
4587,train,1
10143,train,4
2938,train,2
10196,train,1
12922,train,1
3717,train,4
807,train,3
9074,train,3
393,train,4
3613,train,3
5771,train,1
687,train,2
2465,train,1
5332,train,4
3132,train,2
1524,train,2
6853,train,3
635,train,1
6046,train,3
11758,train,3
13500,train,2
1951,train,4
10990,train,1
13101,train,1
3238,train,1
7127,train,2
2477,train,1
2696,train,3
8700,train,3
3940,train,2
14538,train,3
10787,train,1
7798,train,4
8224,train,2
9728,train,4
12166,train,1
11396,train,3
10644,train,2
10209,train,3
4415,train,1
13066,train,1
1940,train,1
9346,train,3
3650,train,3
5082,train,1
12263,train,2
11328,train,3
3252,train,1
8447,train,3
3795,train,3
2312,train,2
7703,train,1
4883,train,1
4934,train,3
6202,train,3
7801,train,2
2924,train,4
9288,train,3
7392,train,1
330,train,4
10366,train,3
9218,train,4
3265,train,1
10011,train,3
6338,train,2
12265,train,4
319,train,4
8153,train,1
4974,train,1
2081,train,4
3329,train,3
12336,train,4
1437,train,4
10931,train,3
9318,train,1
9827,train,4
6264,train,2
13270,train,2
5902,train,1
13411,train,1
6905,train,3
685,train,1
7833,train,4
2655,train,1
9839,train,2
7807,train,3
5849,train,2
9591,train,3
2557,train,1
11857,train,3
704,train,2
9864,train,4
8028,train,4
13276,train,1
13467,train,2
1058,train,2
9333,train,1
9913,train,1
3760,train,2
13026,train,1
8321,train,3
9733,train,1
4163,train,3
10467,train,2
9598,train,2
3966,train,4
3979,train,3
2877,train,4
9263,train,2
8067,train,3
5162,train,4
6474,train,1
12994,train,4
560,train,2
12191,train,3
3929,train,3
1986,train,4
1667,train,3
7339,train,2
7895,train,4
8626,train,4
6499,train,3
7060,train,1
5937,train,2
3922,train,4
4832,train,3
9076,train,4
7548,train,4
1971,train,4
5886,train,3
2142,train,1
11575,train,3
4025,train,4
1670,train,4
9944,train,3
4416,train,1
10580,train,4
1413,train,4
6013,train,2
10224,train,3
8286,train,1
2299,train,2
1092,train,4
2127,train,2
6245,train,3
5502,train,4
5919,train,1
1729,train,1
8951,train,3
710,train,2
8855,train,2
6736,train,2
10597,train,2
10905,train,3
12364,train,2
12267,train,3
10227,train,2
3946,train,3
2333,train,1
9337,train,2
404,train,4
1692,train,4
11094,train,1
7428,train,1
6076,train,3
13268,train,2
4535,train,2
10774,train,2
3735,train,3
6768,train,4
4161,train,3
9342,train,1
3534,train,2
9375,train,4
5014,train,4
2973,train,3
3947,train,3
459,train,2
6396,train,1
10337,train,2
5631,train,3
11164,train,1
8668,train,1
4160,train,3
2041,train,2
3898,train,3
3683,train,1
2413,train,3
419,train,4
923,train,4
1679,train,2
11652,train,4
3733,train,4
3062,train,4
2584,train,3
2478,train,3
9704,train,4
1046,train,1
11264,train,4
11160,train,4
11709,train,2
8149,train,1
7174,train,1
4562,train,4
5432,train,2
12450,train,1
2387,train,4
1920,train,4
8211,train,2
7953,train,3
12114,train,2
7422,train,3
7255,train,4
8127,train,1
12914,train,2
7203,train,1
11303,train,3
8722,train,4
11111,train,4
14608,train,3
13205,train,2
13483,train,2
2082,train,4
4203,train,4
12146,train,4
4241,train,3
3549,train,4
3157,train,1
12933,train,1
10377,train,2
611,train,1
9364,train,2
13303,train,1
5137,train,4
2253,train,2
4165,train,3
12747,train,1
9661,train,4
10234,train,4
7741,train,1
12724,train,2
13186,train,3
686,train,3
9394,train,4
7799,train,1
4059,train,4
1865,train,1
5880,train,2
9636,train,3
10295,train,3
8078,train,4
13252,train,2
4123,train,4
7155,train,3
6232,train,1
5618,train,1
12493,train,1
6871,train,4
10316,train,3
47,train,3
2933,train,3
9785,train,1
11623,train,3
9023,train,1
6724,train,2
4549,train,2
272,train,4
4715,train,1
7924,train,3
9737,train,2
12355,train,4
6103,train,2
5989,train,1
9974,train,3
2345,train,3
6261,train,2
12378,train,4
7296,train,4
5486,train,3
3666,train,2
2481,train,1
7913,train,4
6925,train,3
5624,train,1
7354,train,4
12675,train,2
4099,train,1
7275,train,3
4156,train,2
725,train,3
3999,train,4
7759,train,3
6495,train,3
3012,train,4
2303,train,3
5064,train,3
6445,train,2
9420,train,4
8491,train,1
3119,train,1
6754,train,2
11481,train,1
13254,train,2
9936,train,1
7561,train,4
6053,train,2
12637,train,1
5714,train,2
2534,train,4
9094,train,1
11934,train,4
6929,train,2
2405,train,1
734,train,1
13035,train,2
11008,train,3
4120,train,4
11431,train,4
9033,train,4
8282,train,1
2915,train,2
89,train,4
4881,train,3
1306,train,2
9043,train,4
10806,train,1
7092,train,4
1610,train,3
12056,train,2
5758,train,4
5654,train,4
246,train,4
9421,train,4
7040,train,2
87,train,4
1735,train,2
2852,train,2
5593,train,1
3002,train,4
10948,train,4
12430,train,2
2077,train,4
11850,train,1
1836,train,4
13247,train,1
7736,train,4
3569,train,3
5913,train,2
10297,train,3
3660,train,3
8112,train,1
1271,train,4
2052,train,3
7617,train,3
907,train,1
7002,train,2
9032,train,3
3871,train,1
10356,train,1
1487,train,1
5556,train,2
11964,train,3
6982,train,3
9272,train,4
10365,train,3
10631,train,3
4995,train,1
6775,train,2
7958,train,4
5984,train,4
10578,train,4
11730,train,1
4095,train,1
5704,train,2
10309,train,1
11523,train,3
2939,train,1
10717,train,4
7863,train,4
10798,train,3
3459,train,2
7753,train,2
11640,train,1
9759,train,2
7613,train,3
10740,train,4
822,train,3
1003,train,1
12275,train,2
11970,train,3
7678,train,3
134,train,4
3574,train,2
2925,train,3
6422,train,1
4607,train,3
12967,train,2
10777,train,3
2553,train,4
10072,train,3
11868,train,3
5415,train,2
12890,train,1
9658,train,4
5330,train,4
2380,train,1
9358,train,2
12515,train,4
9669,train,2
11217,train,2
4049,train,4
8519,train,2
11941,train,2
6242,train,1
12334,train,4
5677,train,1
5547,train,2
8865,train,3
203,train,4
5285,train,3
13871,train,2
8095,train,2
13003,train,4
12876,train,2
11061,train,4
8093,train,4
3519,train,3
6684,train,1
9287,train,3
5371,train,3
12578,train,4
400,train,4
483,train,2
9531,train,3
11759,train,4
11516,train,4
3629,train,2
110,train,4
4329,train,4
12217,train,3
4690,train,1
5315,train,4
46,train,3
14467,train,3
7739,train,1
600,train,1
7587,train,1
1603,train,3
13062,train,2
7130,train,1
12444,train,4
1884,train,3
170,train,4
5628,train,1
8496,train,1
12851,train,2
5278,train,4
14189,train,3
751,train,1
11319,train,1
10590,train,4
4697,train,3
9851,train,4
356,train,4
8894,train,2
7113,train,1
2137,train,1
3541,train,1
8284,train,1
9802,train,4
4470,train,2
10492,train,3
13675,train,3
9264,train,4
6331,train,1
5436,train,2
4601,train,1
6753,train,2
4262,train,3
461,train,2
11284,train,3
14012,train,2
4998,train,3
701,train,3
1250,train,2
13875,train,2
9659,train,4
12020,train,3
8233,train,3
6930,train,2
11056,train,3
2150,train,1
7363,train,1
7048,train,1
13745,train,1
12140,train,1
10610,train,4
12958,train,1
8349,train,3
4261,train,3
7257,train,2
4664,train,3
10012,train,3
12233,train,3
4293,train,2
1205,train,2
10773,train,4
1657,train,4
10073,train,4
12205,train,2
10657,train,3
13643,train,2
8816,train,4
13889,train,2
11223,train,2
4170,train,1
12177,train,4
7923,train,3
4889,train,3
4773,train,3
11515,train,1
9889,train,2
841,train,1
14330,train,3
10325,train,2
1537,train,3
7404,train,3
5053,train,2
9929,train,2
7758,train,1
5488,train,2
6660,train,4
8554,train,3
7187,train,2
7477,train,1
6117,train,2
6859,train,3
3472,train,3
13014,train,2
13691,train,3
4462,train,1
6436,train,2
13994,train,2
7290,train,4
12419,train,2
1977,train,1
9293,train,2
4662,train,3
6048,train,1
3410,train,3
11017,train,1
2718,train,2
13180,train,1
8296,train,3
8330,train,2
13080,train,2
12253,train,2
510,train,1
11591,train,1
13639,train,1
13128,train,2
9975,train,3
11113,train,4
5523,train,3
9787,train,3
4499,train,3
11359,train,4
12320,train,3
12968,train,2
970,train,4
231,train,4
9062,train,2
11233,train,2
9348,train,1
6767,train,4
3502,train,2
12366,train,1
7834,train,2
544,train,3
2468,train,1
376,train,4
7297,train,4
11484,train,3
11790,train,4
256,train,4
11023,train,3
6265,train,2
7098,train,3
12929,train,2
6834,train,2
13224,train,2
8044,train,3
4776,train,4
3544,train,3
810,train,4
8312,train,2
4392,train,1
1512,train,4
2322,train,3
4405,train,2
12582,train,4
9962,train,1
1807,train,2
8924,train,3
6952,train,4
7755,train,1
11927,train,3
3672,train,2
2449,train,3
6247,train,3
11856,train,3
5160,train,3
8156,train,3
5476,train,3
9203,train,3
12571,train,1
2419,train,2
10508,train,4
13791,train,3
4725,train,2
6358,train,1
10919,train,3
3478,train,2
7976,train,3
4399,train,4
6559,train,1
11826,train,1
13656,train,2
4669,train,3
845,train,3
9673,train,1
4237,train,4
7309,train,1
7754,train,1
11662,train,3
9177,train,3
5262,train,3
11992,train,1
8453,train,1
9045,train,4
3073,train,3
10188,train,4
43,train,3
11091,train,4
540,train,1
13546,train,2
10453,train,3
13447,train,1
5381,train,2
12119,train,3
5307,train,2
7823,train,3
10675,train,2
6071,train,1
12698,train,2
6469,train,1
11062,train,3
4304,train,2
7875,train,1
8261,train,4
8005,train,4
818,train,1
12999,train,1
3207,train,1
2976,train,4
5761,train,2
12507,train,3
4928,train,4
8160,train,1
12087,train,3
1083,train,1
8935,train,4
8331,train,1
5730,train,4
7531,train,4
5379,train,4
9837,train,1
9560,train,2
5146,train,1
14488,train,3
6655,train,3
12110,train,2
6638,train,3
1674,train,3
286,train,4
12256,train,3
10645,train,3
10898,train,2
12804,train,2
13166,train,4
250,train,4
8698,train,4
5997,train,4
1257,train,3
4533,train,2
10744,train,3
1331,train,3
11917,train,3
6345,train,4
5684,train,4
3896,train,4
4657,train,1
10781,train,1
8533,train,3
481,train,2
3133,train,2
9571,train,4
8047,train,4
13936,train,3
12390,train,1
13,train,3
7645,train,1
6126,train,3
597,train,2
12551,train,1
7388,train,3
3483,train,1
8235,train,4
13285,train,1
8808,train,4
8759,train,1
4209,train,4
8468,train,2
1043,train,2
9911,train,1
836,train,4
5774,train,3
3969,train,3
12767,train,2
9992,train,4
13147,train,3
5552,train,2
11683,train,1
3951,train,3
8748,train,1
7028,train,2
8819,train,4
10055,train,4
8,train,3
11618,train,2
6163,train,2
9685,train,3
6973,train,1
7619,train,4
10272,train,1
2896,train,3
13184,train,1
8405,train,1
13449,train,1
11562,train,4
8009,train,4
6935,train,4
8873,train,2
2864,train,3
2738,train,1
10242,train,4
13142,train,1
5749,train,2
8114,train,1
9464,train,2
6107,train,3
898,train,4
9025,train,1
7,train,3
4737,train,1
876,train,3
8109,train,2
2030,train,4
9226,train,4
11296,train,1
7341,train,1
13078,train,1
7156,train,3
679,train,1
363,train,4
1063,train,4
7585,train,3
6404,train,1
5945,train,1
3827,train,3
9515,train,3
1876,train,3
12438,train,2
2651,train,3
11162,train,4
13371,train,1
2284,train,3
11068,train,3
6014,train,1
10160,train,2
3606,train,1
3286,train,2
12701,train,1
5341,train,1
11549,train,2
8751,train,1
11043,train,2
11385,train,2
1995,train,4
13615,train,3
9476,train,4
14276,train,3
345,train,4
10308,train,1
7795,train,1
7604,train,1
10820,train,4
9260,train,3
2200,train,3
9582,train,4
10819,train,1
583,train,1
14452,train,3
5623,train,1
9486,train,3
3375,train,2
6966,train,2
545,train,3
1215,train,1
6524,train,2
6420,train,1
12656,train,2
1993,train,3
8704,train,4
12211,train,4
10520,train,1
11840,train,1
3927,train,4
10332,train,4
3662,train,4
5587,train,1
8836,train,4
8702,train,3
10270,train,2
7813,train,2
6591,train,1
13631,train,2
3373,train,1
3067,train,2
3676,train,2
7954,train,4
6846,train,1
2604,train,4
12061,train,3
9132,train,2
4978,train,3
7184,train,2
9412,train,4
605,train,2
1014,train,1
384,train,4
11804,train,4
6028,train,3
8163,train,2
11026,train,3
5319,train,4
5000,train,3
12895,train,3
2652,train,2
1504,train,4
8452,train,2
4147,train,4
12093,train,4
12960,train,3
10255,train,2
7737,train,2
12006,train,3
1833,train,2
1444,train,3
9273,train,3
7056,train,3
1502,train,4
4864,train,2
9038,train,3
3239,train,2
8622,train,3
1513,train,4
4257,train,4
12032,train,4
3973,train,3
11280,train,3
2306,train,3
7624,train,2
9891,train,4
1304,train,2
4618,train,4
6766,train,3
11893,train,4
6728,train,1
4009,train,3
1000,train,4
6851,train,1
4398,train,4
7268,train,1
2027,train,1
13279,train,4
1602,train,1
6954,train,2
10082,train,4
5309,train,1
11536,train,3
4294,train,2
8946,train,1
3420,train,1
1053,train,4
10797,train,3
1822,train,2
2715,train,4
1333,train,3
10197,train,2
4397,train,4
6988,train,4
2447,train,1
12214,train,4
869,train,1
7080,train,2
30,train,3
1218,train,1
3384,train,3
242,train,4
167,train,4
6286,train,1
11617,train,2
7903,train,3
10956,train,1
1431,train,4
2135,train,2
11859,train,1
4770,train,3
10729,train,4
1350,train,2
1866,train,1
8532,train,2
1550,train,2
7929,train,1
3064,train,2
7047,train,1
6503,train,4
5121,train,4
2389,train,1
7846,train,4
3706,train,4
3682,train,1
6316,train,1
1011,train,4
3402,train,2
792,train,1
11589,train,2
12353,train,2
11563,train,4
1553,train,1
2770,train,4
4026,train,4
11706,train,2
3075,train,3
8629,train,3
7611,train,1
5348,train,3
966,train,4
4764,train,4
6688,train,2
9301,train,2
5607,train,4
3184,train,1
805,train,2
6888,train,2
3195,train,3
6251,train,2
13818,train,3
2230,train,3
176,train,4
5363,train,3
2235,train,2
6882,train,1
10358,train,2
5986,train,2
8954,train,3
7420,train,3
13861,train,3
2606,train,1
10090,train,2
3915,train,4
7786,train,4
8527,train,3
4311,train,4
4276,train,4
3159,train,3
767,train,2
7835,train,3
7280,train,2
5059,train,4
9739,train,3
6332,train,3
7544,train,2
12642,train,4
7782,train,3
2152,train,4
650,train,2
2016,train,3
11716,train,2
4899,train,2
12117,train,2
12452,train,4
3854,train,2
8998,train,2
9765,train,3
2753,train,2
8962,train,2
1266,train,2
12917,train,3
479,train,2
2484,train,2
9431,train,1
11311,train,1
8739,train,1
2775,train,1
2884,train,1
2070,train,3
8990,train,2
6059,train,2
5612,train,2
1056,train,1
6095,train,1
982,train,1
8505,train,1
13506,train,1
4199,train,4
11407,train,2
9533,train,4
6430,train,3
1948,train,2
11626,train,3
8857,train,1
4324,train,3
3161,train,1
3880,train,3
10284,train,2
3752,train,4
11179,train,4
8712,train,1
11178,train,4
5326,train,1
8018,train,1
14664,train,3
11783,train,2
9575,train,4
9178,train,1
5573,train,4
11209,train,3
7621,train,4
10387,train,1
6288,train,3
7119,train,2
3469,train,2
14480,train,3
10105,train,2
5764,train,2
5729,train,1
2978,train,4
7702,train,2
7475,train,1
4846,train,1
9933,train,2
9151,train,4
2867,train,3
3022,train,2
2320,train,3
12108,train,4
9720,train,4
3878,train,1
7281,train,2
11686,train,1
12548,train,2
6912,train,2
4116,train,4
2953,train,3
11224,train,3
9953,train,1
11705,train,2
13261,train,3
809,train,4
8619,train,1
1576,train,1
12098,train,4
12866,train,4
6693,train,2
5215,train,2
3014,train,4
4460,train,2
11197,train,2
4310,train,4
6167,train,1
3513,train,2
13696,train,2
3111,train,4
7483,train,1
5260,train,3
9407,train,4
12497,train,3
2779,train,3
106,train,4
2535,train,4
8070,train,2
2778,train,3
9047,train,4
11667,train,4
12433,train,4
4918,train,2
6416,train,1
8684,train,4
1598,train,2
10495,train,3
13194,train,2
1607,train,1
2766,train,1
7435,train,1
1235,train,4
13537,train,3
7871,train,4
8605,train,4
1212,train,1
13301,train,2
6185,train,2
7030,train,3
14023,train,2
12604,train,3
3849,train,4
7896,train,2
12979,train,2
10438,train,1
8314,train,1
6178,train,2
9238,train,1
11909,train,3
4959,train,1
4836,train,2
2462,train,3
11796,train,4
1534,train,3
1858,train,2
4155,train,2
3117,train,1
754,train,1
12129,train,4
7022,train,4
3240,train,4
11657,train,3
8621,train,4
9460,train,4
4950,train,4
2819,train,3
1772,train,4
3759,train,2
3671,train,2
12691,train,3
13132,train,1
12844,train,3
9445,train,3
12921,train,1
5598,train,3
8347,train,1
10892,train,1
7948,train,1
10769,train,4
8854,train,1
4308,train,1
5680,train,4
9246,train,3
9823,train,4
6194,train,2
10275,train,2
95,train,4
6172,train,2
4659,train,4
14051,train,2
1525,train,1
732,train,3
1776,train,3
2582,train,1
728,train,2
10489,train,1
8245,train,1
10504,train,4
6270,train,2
13635,train,3
2145,train,3
10482,train,1
825,train,4
8034,train,2
13429,train,4
2641,train,1
12220,train,3
6654,train,1
354,train,4
9640,train,4
1116,train,3
2680,train,3
6381,train,2
9829,train,2
3493,train,1
12033,train,2
7655,train,4
9714,train,3
10141,train,4
12704,train,3
9402,train,4
125,train,4
1035,train,3
8390,train,2
12402,train,4
11679,train,2
1945,train,4
11508,train,2
6125,train,2
9492,train,3
7728,train,2
13008,train,2
2491,train,1
2546,train,1
9792,train,4
4825,train,2
12563,train,3
6281,train,1
4207,train,4
1168,train,4
6322,train,2
2326,train,4
6519,train,4
2188,train,2
7717,train,2
6226,train,3
12928,train,2
12845,train,3
3142,train,4
10677,train,1
6706,train,2
4714,train,1
10027,train,1
8795,train,2
156,train,4
8774,train,3
5093,train,2
14600,train,3
5097,train,3
3994,train,3
9779,train,3
4766,train,4
9430,train,3
12270,train,4
4900,train,2
13609,train,3
13759,train,3
12973,train,1
8337,train,2
3901,train,3
5409,train,3
7960,train,4
1430,train,4
2555,train,1
5454,train,2
12535,train,3
872,train,3
4242,train,4
9369,train,4
10263,train,2
12291,train,4
11139,train,3
11889,train,3
5627,train,1
7179,train,1
10585,train,4
4252,train,4
13446,train,1
2977,train,4
3403,train,2
11185,train,4
13346,train,2
10244,train,3
5004,train,3
10395,train,1
9564,train,1
1227,train,2
7488,train,2
12965,train,2
12819,train,2
5487,train,2
109,train,4
12047,train,3
7998,train,4
2429,train,2
5025,train,3
9491,train,1
4394,train,4
4505,train,4
5995,train,3
12975,train,1
665,train,2
2964,train,3
13607,train,1
7642,train,1
5992,train,1
6793,train,4
10801,train,3
161,train,4
3237,train,1
10531,train,1
4909,train,1
7796,train,2
12567,train,4
12034,train,2
6738,train,2
1157,train,4
8343,train,2
13053,train,2
8781,train,4
7950,train,1
2989,train,3
13351,train,3
2100,train,4
3134,train,2
10383,train,1
10019,train,4
1420,train,4
10876,train,1
8524,train,4
371,train,4
28,train,3
2436,train,2
1342,train,3
78,train,4
5290,train,4
7684,train,1
7766,train,4
8486,train,3
9852,train,2
8150,train,4
14113,train,3
9834,train,3
5465,train,2
4402,train,2
9630,train,2
5235,train,4
6587,train,4
13563,train,3
11010,train,4
9819,train,4
11784,train,1
3652,train,3
1630,train,3
13442,train,3
3377,train,1
6825,train,1
1353,train,3
9999,train,4
1969,train,4
3369,train,2
7910,train,4
10782,train,3
662,train,1
13190,train,1
6690,train,2
1412,train,4
60,train,3
9576,train,4
2985,train,1
8311,train,2
9681,train,2
10342,train,4
2456,train,2
8275,train,2
7629,train,2
11159,train,4
4133,train,1
13552,train,3
930,train,4
5135,train,4
10237,train,2
12595,train,2
11230,train,4
12292,train,4
3406,train,1
7514,train,2
9312,train,3
1840,train,4
9093,train,1
2706,train,1
1591,train,4
7555,train,4
357,train,4
5522,train,3
3103,train,3
12422,train,1
8934,train,1
9470,train,3
11018,train,1
10035,train,3
8352,train,3
5580,train,1
9588,train,3
12787,train,1
3296,train,3
4072,train,2
3376,train,1
2108,train,3
4964,train,3
10563,train,1
6939,train,1
12839,train,2
4908,train,2
11049,train,4
12583,train,4
13626,train,2
1081,train,4
3352,train,2
13849,train,2
4335,train,3
9519,train,4
5317,train,4
155,train,4
2347,train,3
6659,train,4
12382,train,2
6070,train,1
8500,train,3
11691,train,3
9858,train,3
7167,train,4
856,train,1
3429,train,3
6005,train,1
7162,train,1
10008,train,3
6748,train,2
6707,train,2
8318,train,4
12872,train,1
4835,train,1
353,train,4
4444,train,4
5651,train,4
10498,train,1
10493,train,3
10856,train,3
324,train,4
2133,train,4
608,train,1
774,train,2
8051,train,2
551,train,4
3885,train,2
2592,train,4
10976,train,4
12374,train,1
12031,train,4
9879,train,3
8986,train,3
3262,train,2
3794,train,3
2374,train,2
8308,train,4
4013,train,4
7558,train,1
7004,train,3
9425,train,4
6569,train,2
793,train,3
10529,train,4
6121,train,1
10320,train,4
9123,train,3
386,train,4
7362,train,2
8000,train,4
7071,train,2
4592,train,3
10826,train,3
12856,train,4
584,train,1
13556,train,1
2737,train,1
1584,train,4
1976,train,1
3649,train,3
949,train,4
7378,train,1
228,train,4
8928,train,2
8839,train,4
9311,train,2
7708,train,1
11208,train,4
4700,train,3
8502,train,4
3205,train,1
14606,train,3
6852,train,1
3904,train,3
294,train,4
5345,train,3
13169,train,1
2513,train,1
2095,train,4
13120,train,1
4861,train,2
2790,train,2
210,train,4
10811,train,3
11193,train,4
5339,train,4
6979,train,2
11979,train,3
1498,train,3
9344,train,1
10475,train,3
1005,train,1
6380,train,4
3333,train,4
7352,train,1
5145,train,1
74,train,3
11615,train,2
658,train,1
11581,train,1
8948,train,4
7775,train,2
12269,train,4
4404,train,2
6123,train,2
5978,train,1
5360,train,4
3582,train,3
11204,train,3
13836,train,2
1360,train,1
3640,train,3
549,train,4
11235,train,2
7697,train,3
706,train,1
9956,train,3
1595,train,4
2452,train,4
9484,train,1
4996,train,1
377,train,4
5494,train,2
4082,train,1
3035,train,1
5846,train,3
7391,train,4
9018,train,4
3881,train,4
451,train,2
4474,train,1
7560,train,1
1688,train,1
3213,train,4
2453,train,2
4576,train,2
278,train,4
5402,train,3
10117,train,1
10116,train,2
9656,train,3
6427,train,1
7618,train,4
4956,train,2
5448,train,2
1185,train,2
3749,train,4
2068,train,4
6490,train,2
4127,train,2
12781,train,2
251,train,4
5715,train,1
7220,train,1
9186,train,3
7356,train,4
9744,train,3
8881,train,3
174,train,4
10808,train,3
4852,train,1
9569,train,2
2921,train,2
4075,train,2
335,train,4
302,train,4
3314,train,1
12499,train,1
10202,train,2
4073,train,2
3533,train,2
9701,train,4
8329,train,3
49,train,3
4166,train,1
10554,train,4
77,train,3
6832,train,1
2266,train,3
11131,train,3
10550,train,3
9618,train,4
13674,train,1
7757,train,1
4054,train,4
961,train,3
8023,train,3
2342,train,1
3009,train,4
8374,train,1
8151,train,4
7935,train,3
195,train,4
13086,train,1
11110,train,3
12737,train,1
8384,train,2
3757,train,2
2849,train,3
4364,train,3
14315,train,3
8423,train,1
2356,train,2
10678,train,4
5210,train,3
8982,train,2
13547,train,2
7452,train,3
8785,train,1
670,train,3
3668,train,2
14022,train,2
9583,train,4
6259,train,1
2962,train,2
6258,train,1
9167,train,4
6618,train,2
1369,train,3
10672,train,2
11558,train,1
901,train,2
10506,train,4
1766,train,2
2160,train,2
8283,train,2
10164,train,3
12988,train,2
11953,train,1
12900,train,2
464,train,2
6294,train,2
8688,train,4
4692,train,4
6547,train,1
12537,train,3
9816,train,3
2999,train,4
3661,train,3
13677,train,2
2563,train,4
5905,train,2
7141,train,4
6717,train,2
2497,train,4
480,train,2
9961,train,2
11687,train,1
11587,train,4
5499,train,4
5725,train,1
4971,train,2
5636,train,3
9266,train,3
5337,train,4
11752,train,3
1953,train,3
1861,train,4
6534,train,2
3625,train,3
2788,train,4
11462,train,3
406,train,4
6849,train,2
14589,train,3
1852,train,4
6528,train,3
10712,train,1
5574,train,1
781,train,1
6476,train,2
9981,train,4
1796,train,1
5489,train,2
3912,train,3
3598,train,1
1639,train,3
7562,train,2
10900,train,1
6550,train,2
7609,train,1
4544,train,3
4358,train,4
10273,train,1
12178,train,4
9518,train,4
6699,train,1
3452,train,3
8507,train,1
9327,train,1
1172,train,1
5106,train,2
9393,train,1
7439,train,3
11842,train,1
2244,train,2
10920,train,2
4052,train,4
13802,train,2
12080,train,1
8754,train,3
7196,train,3
2180,train,2
235,train,4
1789,train,1
4223,train,2
7191,train,2
5929,train,3
1582,train,4
9544,train,4
12037,train,3
5976,train,1
11288,train,4
1690,train,1
8777,train,3
10912,train,4
4420,train,3
365,train,4
11644,train,4
7640,train,2
3444,train,1
8190,train,2
2195,train,1
13471,train,1
3348,train,3
13565,train,1
7968,train,4
11410,train,2
7097,train,4
13206,train,2
7586,train,1
8572,train,3
9316,train,1
1273,train,1
1526,train,1
2174,train,2
3681,train,1
2575,train,4
2073,train,4
5847,train,4
3215,train,4
3131,train,3
2138,train,1
5921,train,2
7134,train,4
12881,train,2
5671,train,2
3537,train,1
13133,train,1
14583,train,3
14373,train,3
1929,train,4
1226,train,2
4784,train,2
9133,train,2
9,train,3
11097,train,4
1761,train,2
9648,train,2
11485,train,3
7238,train,3
12755,train,1
380,train,4
8883,train,3
8908,train,3
11898,train,3
14277,train,3
12986,train,2
2242,train,3
1802,train,4
12714,train,1
11809,train,4
5308,train,1
13393,train,1
2620,train,1
3105,train,4
10476,train,3
185,train,4
8654,train,3
5453,train,3
7236,train,1
2492,train,3
4373,train,2
5888,train,2
9157,train,3
7495,train,4
7984,train,1
5648,train,4
13948,train,2
1239,train,1
13350,train,3
5853,train,2
11844,train,1
11341,train,3
12439,train,4
11397,train,3
12074,train,2
10556,train,4
1182,train,4
11674,train,2
6915,train,1
4615,train,3
2292,train,2
7669,train,3
12052,train,3
9625,train,1
2967,train,4
8287,train,4
1890,train,4
12779,train,4
5020,train,1
6644,train,1
10168,train,3
4894,train,1
4858,train,4
7972,train,3
7856,train,3
7066,train,3
10874,train,1
6460,train,1
1436,train,3
619,train,1
8965,train,1
1300,train,2
11831,train,3
1939,train,4
8892,train,4
1583,train,4
865,train,2
782,train,4
13687,train,2
13302,train,4
2797,train,3
5490,train,2
4804,train,1
13009,train,2
7325,train,3
14549,train,3
8880,train,2
925,train,1
12358,train,4
12284,train,2
3169,train,3
10516,train,1
13260,train,2
12794,train,3
4917,train,2
12406,train,1
8625,train,4
10060,train,4
7446,train,4
6340,train,2
13162,train,4
1448,train,3
875,train,4
7198,train,3
9906,train,3
11360,train,2
5496,train,2
7316,train,2
12799,train,2
11321,train,3
3394,train,4
8916,train,4
6683,train,2
9061,train,4
6136,train,2
6171,train,2
1689,train,1
1988,train,2
4850,train,3
13377,train,4
13592,train,1
488,train,2
10852,train,4
4069,train,2
10442,train,3
12514,train,4
6252,train,2
5101,train,2
513,train,1
13549,train,1
2732,train,2
6342,train,1
8399,train,2
5772,train,1
7372,train,4
4103,train,1
13405,train,1
8580,train,4
1665,train,3
3570,train,3
3603,train,2
8634,train,2
5242,train,1
990,train,4
13211,train,2
10715,train,3
14485,train,3
9692,train,4
8656,train,3
1542,train,4
11015,train,4
10452,train,1
11513,train,2
851,train,1
10684,train,3
4442,train,4
668,train,3
5949,train,3
13952,train,2
10086,train,4
11967,train,2
12332,train,1
4953,train,4
3866,train,4
8357,train,3
6497,train,2
12030,train,4
11788,train,4
13762,train,1
4253,train,4
13488,train,1
12282,train,4
9303,train,2
5581,train,1
10694,train,4
7557,train,2
2573,train,1
4579,train,1
8205,train,3
7521,train,1
1895,train,2
7478,train,2
7592,train,3
3648,train,1
10336,train,1
9214,train,4
4267,train,2
10783,train,3
11621,train,2
4124,train,4
9706,train,4
2559,train,3
3146,train,4
3857,train,1
11041,train,3
38,train,3
3216,train,1
5768,train,1
4666,train,3
6060,train,1
4941,train,1
11468,train,1
6428,train,4
3343,train,1
972,train,4
6788,train,1
9331,train,2
8417,train,4
7490,train,3
588,train,1
2998,train,4
8573,train,3
12987,train,2
11685,train,1
2175,train,2
12506,train,3
13955,train,2
10961,train,2
5328,train,1
1247,train,1
12646,train,2
14011,train,2
3003,train,4
9712,train,1
6253,train,2
4087,train,1
5804,train,4
7073,train,2
9354,train,1
7882,train,4
9782,train,1
12508,train,2
1536,train,4
1299,train,1
12855,train,1
1249,train,3
1450,train,4
4389,train,1
6700,train,1
5292,train,4
4572,train,2
4138,train,1
9148,train,4
7172,train,2
3308,train,3
4551,train,3
9424,train,3
6284,train,1
9413,train,2
9557,train,4
4202,train,4
11340,train,1
4686,train,1
6271,train,3
9541,train,4
20,train,3
11336,train,2
7252,train,3
5217,train,1
2599,train,3
6461,train,2
8570,train,1
412,train,4
11313,train,3
2064,train,4
4948,train,3
1707,train,2
7602,train,2
10496,train,3
107,train,4
12742,train,4
5961,train,2
4182,train,3
1440,train,1
2111,train,3
13536,train,3
338,train,4
14531,train,3
12434,train,2
8236,train,1
11839,train,2
4471,train,2
9291,train,2
10380,train,1
12449,train,1
2080,train,4
5915,train,2
10034,train,1
6274,train,2
13298,train,2
11538,train,3
2657,train,3
5269,train,2
4570,train,2
10176,train,1
7573,train,4
5823,train,2
9330,train,3
2625,train,4
12935,train,2
8641,train,3
9002,train,1
11148,train,2
1886,train,2
14545,train,3
5897,train,2
2571,train,1
1110,train,2
4596,train,4
7916,train,2
5293,train,4
10439,train,1
10828,train,3
2786,train,4
13825,train,2
12311,train,4
4113,train,4
1966,train,3
3942,train,1
8148,train,1
13667,train,1
4489,train,3
783,train,1
9422,train,4
10653,train,3
8512,train,2
3274,train,3
7707,train,2
6592,train,1
6463,train,2
2134,train,4
10288,train,1
11444,train,4
3086,train,4
10958,train,1
4447,train,2
12601,train,4
2935,train,3
8682,train,1
8720,train,3
1634,train,2
10422,train,3
9955,train,3
13131,train,1
4106,train,3
3487,train,3
4994,train,1
5336,train,4
5629,train,2
1815,train,3
6326,train,1
3491,train,2
3209,train,3
912,train,1
10497,train,3
919,train,1
11036,train,3
8277,train,2
6085,train,4
9776,train,1
878,train,4
9633,train,2
12,train,3
4368,train,2
8840,train,4
9901,train,1
8251,train,4
8552,train,4
12877,train,2
12357,train,4
9965,train,4
2800,train,4
10302,train,4
3617,train,4
11307,train,2
11446,train,3
9350,train,2
13716,train,2
1022,train,4
10924,train,3
9462,train,2
11923,train,2
8981,train,2
3514,train,2
7208,train,2
14509,train,3
1905,train,4
7308,train,1
3657,train,3
11084,train,1
4660,train,3
10544,train,3
8560,train,1
8769,train,2
12576,train,4
2602,train,1
7063,train,3
11399,train,3
9428,train,1
3879,train,3
5199,train,1
3256,train,2
9643,train,1
8434,train,4
9537,train,4
2739,train,1
8594,train,3
9461,train,4
1959,train,4
11420,train,3
14302,train,3
6484,train,1
9009,train,4
5095,train,3
5635,train,3
14253,train,3
12078,train,1
14560,train,3
457,train,2
9351,train,1
14259,train,3
11869,train,3
2005,train,4
4408,train,4
711,train,1
218,train,4
8090,train,4
8997,train,4
11613,train,3
1596,train,4
3306,train,1
3998,train,4
1885,train,2
10041,train,4
11701,train,2
3938,train,3
13850,train,2
10413,train,2
26,train,3
2026,train,1
6230,train,2
9275,train,4
10613,train,2
8406,train,1
5248,train,1
607,train,2
11824,train,1
9332,train,2
12910,train,1
8984,train,2
12222,train,3
3568,train,3
8575,train,3
10973,train,4
12783,train,2
11822,train,1
7199,train,3
4943,train,1
9184,train,1
12837,train,1
1615,train,4
4150,train,4
5447,train,1
2511,train,1
7749,train,4
9257,train,1
12398,train,4
7230,train,2
8132,train,4
5049,train,3
9309,train,3
8778,train,3
5685,train,2
2278,train,1
4487,train,3
2840,train,4
14434,train,3
9826,train,2
5582,train,1
11966,train,3
13422,train,4
7679,train,4
1505,train,4
7484,train,1
12054,train,4
6565,train,1
11393,train,3
904,train,1
399,train,4
3734,train,3
12360,train,2
12391,train,4
13624,train,1
1104,train,4
1071,train,1
8879,train,1
5252,train,4
6440,train,1
1177,train,1
7511,train,2
10945,train,1
4334,train,1
1892,train,4
7661,train,1
2224,train,2
1927,train,3
12485,train,4
5958,train,4
12478,train,4
1030,train,2
1421,train,4
7705,train,4
13606,train,1
5738,train,4
4473,train,2
3935,train,4
6101,train,2
7017,train,2
12581,train,4
10472,train,1
7877,train,3
9052,train,1
1925,train,1
309,train,4
1286,train,2
6742,train,4
6333,train,2
5152,train,4
11000,train,4
10155,train,1
11703,train,2
1514,train,4
8699,train,3
5196,train,4
9483,train,2
646,train,2
1521,train,2
320,train,4
13237,train,2
989,train,1
8772,train,3
10583,train,4
2139,train,1
13222,train,1
13512,train,1
12389,train,4
3822,train,4
5066,train,2
14353,train,3
6268,train,2
11827,train,3
2044,train,4
6181,train,2
12826,train,1
2071,train,4
4567,train,2
4530,train,3
3082,train,4
8681,train,1
6750,train,3
10577,train,4
3307,train,1
10954,train,3
4730,train,3
10762,train,1
13275,train,1
9158,train,4
13221,train,1
6328,train,2
764,train,2
1780,train,1
13945,train,2
11345,train,2
1068,train,2
4204,train,4
14406,train,3
8197,train,1
7410,train,1
4717,train,2
13152,train,2
3449,train,3
13840,train,2
10165,train,3
7718,train,4
12805,train,2
11146,train,2
5539,train,1
12666,train,1
5191,train,3
4932,train,3
7355,train,4
8936,train,4
4970,train,2
516,train,1
12654,train,3
13364,train,2
12393,train,3
10186,train,4
3347,train,4
3520,train,1
2828,train,4
1515,train,4
6650,train,2
5959,train,4
8714,train,3
3518,train,1
2460,train,1
6823,train,1
348,train,4
12134,train,1
7946,train,1
2263,train,3
3135,train,1
13203,train,2
12048,train,2
11447,train,3
12011,train,1
9335,train,2
2090,train,4
3445,train,1
7176,train,2
11241,train,1
6603,train,1
10406,train,2
1310,train,2
2855,train,3
13037,train,2
3758,train,2
12676,train,2
9993,train,1
5792,train,1
2117,train,3
1653,train,3
13390,train,2
12351,train,1
3875,train,1
13844,train,3
7522,train,1
13235,train,4
9355,train,1
4424,train,3
6058,train,2
2979,train,2
3609,train,3
4016,train,4
3328,train,3
12273,train,2
4859,train,4
1443,train,3
10389,train,1
2768,train,3
2307,train,3
11176,train,1
11334,train,4
9601,train,1
6243,train,1
13359,train,2
10063,train,2
1586,train,2
8788,train,4
5027,train,4
11267,train,2
2984,train,2
7762,train,2
9073,train,1
7276,train,3
10753,train,4
90,train,4
13407,train,1
9496,train,1
12650,train,2
13663,train,2
13466,train,3
971,train,4
3162,train,1
10643,train,1
1193,train,2
9129,train,4
5754,train,1
3886,train,2
2968,train,3
915,train,1
3278,train,4
1143,train,2
12690,train,1
3120,train,3
12942,train,2
11,train,3
7126,train,4
5441,train,2
9339,train,1
9996,train,4
3583,train,4
2043,train,4
11471,train,3
7648,train,3
3408,train,3
12689,train,3
11022,train,3
9970,train,3
5869,train,1
13798,train,3
6351,train,2
6108,train,3
6477,train,1
8658,train,3
3642,train,1
4877,train,4
12912,train,3
7260,train,1
3835,train,3
11329,train,4
12880,train,2
5562,train,2
13116,train,1
6225,train,1
12330,train,1
3573,train,2
7740,train,1
5369,train,2
9806,train,4
8062,train,2
7933,train,3
11411,train,2
7019,train,1
13125,train,1
8313,train,1
10156,train,4
2102,train,2
9256,train,4
3399,train,2
8450,train,4
4249,train,4
13673,train,1
11973,train,4
11451,train,1
8807,train,3
10218,train,3
6289,train,3
7469,train,3
3704,train,3
2427,train,2
2636,train,3
12294,train,2
2275,train,2
10300,train,4
4356,train,1
2541,train,3
2302,train,1
552,train,4
1725,train,4
3070,train,1
9534,train,2
11719,train,3
9213,train,4
693,train,3
13000,train,2
7665,train,1
4924,train,1
14146,train,3
5216,train,2
5165,train,1
1329,train,1
2415,train,3
5942,train,3
5187,train,2
1599,train,2
3763,train,1
13312,train,1
2458,train,1
3982,train,3
7340,train,1
12424,train,4
12313,train,4
1930,train,4
2564,train,4
4355,train,2
10426,train,3
5639,train,3
13233,train,3
7922,train,1
5803,train,4
13987,train,2
10434,train,4
7269,train,2
9110,train,4
5780,train,4
4677,train,2
3845,train,3
7605,train,1
2310,train,4
7021,train,1
10509,train,4
3976,train,3
733,train,1
2710,train,3
13333,train,3
1731,train,2
8994,train,3
7792,train,2
8008,train,4
4768,train,4
6916,train,4
601,train,1
11490,train,4
13428,train,4
1065,train,4
7932,train,3
3129,train,3
5155,train,3
4793,train,1
7338,train,3
11290,train,4
6173,train,4
4380,train,4
9660,train,4
3198,train,3
6999,train,3
7866,train,2
3581,train,1
7569,train,4
4080,train,1
8657,train,3
4801,train,1
3840,train,3
1285,train,2
4637,train,3
14662,train,3
10929,train,3
7299,train,1
5270,train,3
6529,train,4
1149,train,2
10207,train,3
8889,train,3
6749,train,2
11216,train,2
2856,train,4
13724,train,1
1527,train,1
8449,train,4
9324,train,2
11766,train,4
11902,train,3
3811,train,3
10692,train,3
12372,train,2
7173,train,1
8195,train,2
3893,train,4
10555,train,4
13456,train,2
855,train,1
12252,train,1
4479,train,3
12491,train,2
11491,train,2
2304,train,1
2126,train,2
8125,train,2
2047,train,1
10140,train,3
10281,train,3
3371,train,1
297,train,4
7540,train,3
10131,train,3
9677,train,1
453,train,2
12490,train,2
1647,train,1
6551,train,2
3619,train,2
13234,train,4
2091,train,4
2490,train,1
1606,train,4
6894,train,1
6146,train,4
13149,train,2
8607,train,4
2658,train,3
4624,train,2
5295,train,4
7321,train,1
1919,train,4
3713,train,1
2826,train,3
10921,train,1
6061,train,1
2398,train,2
11931,train,3
9013,train,3
5567,train,2
7014,train,1
10421,train,3
1500,train,4
11375,train,1
7237,train,1
7086,train,1
10815,train,4
10906,train,3
3831,train,1
8925,train,4
8723,train,4
7556,train,4
5455,train,3
5254,train,4
5977,train,1
5918,train,1
13387,train,2
11373,train,3
893,train,3
10594,train,4
13251,train,1
7332,train,2
9187,train,4
3257,train,2
3389,train,2
13305,train,2
5864,train,3
3841,train,3
3897,train,1
10349,train,2
11875,train,2
10756,train,2
4867,train,2
7868,train,1
10267,train,4
859,train,4
4980,train,1
3538,train,1
6026,train,2
7371,train,3
11486,train,3
14037,train,2
304,train,4
13953,train,3
10944,train,2
3166,train,3
1829,train,1
5390,train,1
2362,train,3
2898,train,4
12803,train,2
13372,train,2
12295,train,2
4277,train,4
7802,train,3
6641,train,1
3932,train,3
7750,train,4
2489,train,2
5865,train,2
749,train,2
4038,train,4
13183,train,1
1295,train,1
940,train,4
11680,train,1
2866,train,1
3588,train,3
339,train,4
5310,train,4
6362,train,1
2613,train,4
11007,train,3
11414,train,2
13658,train,1
3224,train,1
3762,train,1
3590,train,4
4523,train,3
12725,train,1
2355,train,2
11722,train,2
6236,train,3
5227,train,1
4353,train,2
866,train,3
13838,train,2
9762,train,1
1462,train,4
5703,train,2
216,train,4
13572,train,1
5530,train,2
7704,train,4
11968,train,1
6154,train,2
4401,train,4
6710,train,2
8435,train,4
6685,train,1
177,train,4
842,train,1
954,train,1
6721,train,1
7572,train,4
6343,train,3
1722,train,3
586,train,1
8522,train,1
214,train,4
2769,train,3
10229,train,2
13564,train,2
12697,train,2
6944,train,3
9521,train,2
7941,train,4
1231,train,2
1093,train,2
4625,train,1
12846,train,4
10280,train,3
4675,train,4
12934,train,2
10790,train,4
10322,train,2
9596,train,2
2580,train,3
521,train,1
11405,train,4
719,train,1
11254,train,2
11517,train,1
1613,train,4
13884,train,3
12123,train,2
3505,train,3
4992,train,1
492,train,1
8259,train,3
117,train,4
10433,train,4
12773,train,2
9562,train,2
9653,train,3
164,train,4
187,train,4
8483,train,3
9516,train,3
8624,train,4
10457,train,2
2540,train,3
4594,train,4
6744,train,2
5428,train,4
4658,train,1
8694,train,3
10014,train,3
8391,train,2
2394,train,4
12388,train,3
10549,train,3
8454,train,2
6668,train,2
1687,train,4
2056,train,2
4733,train,1
5220,train,2
489,train,2
13583,train,1
2112,train,3
1954,train,3
11724,train,2
8045,train,3
11107,train,1
2441,train,1
8989,train,2
13207,train,2
3965,train,4
3909,train,3
3504,train,2
1362,train,3
2946,train,4
10932,train,3
6321,train,4
9117,train,1
5005,train,4
1941,train,2
3813,train,3
12007,train,4
7330,train,2
11787,train,1
3091,train,2
12310,train,2
6532,train,1
9984,train,2
4554,train,3
1573,train,4
11608,train,2
13049,train,1
8931,train,4
7584,train,4
4663,train,3
4783,train,2
4874,train,1
9940,train,4
1207,train,1
3665,train,2
2002,train,4
12470,train,2
8441,train,3
13028,train,2
1144,train,1
1328,train,2
5796,train,2
7152,train,1
6969,train,2
3530,train,3
12898,train,4
11389,train,1
12594,train,2
5723,train,2
282,train,4
8302,train,4
3246,train,4
1019,train,1
5569,train,1
638,train,1
634,train,2
8504,train,2
14484,train,3
11733,train,4
12407,train,1
5370,train,1
7346,train,3
13828,train,2
5286,train,3
9909,train,3
7674,train,4
1733,train,3
7045,train,2
2024,train,2
1158,train,4
550,train,4
7368,train,3
12652,train,2
7418,train,1
7574,train,2
3707,train,2
5437,train,2
5928,train,3
11735,train,2
8590,train,4
12610,train,2
10084,train,4
6162,train,4
10190,train,2
10097,train,1
13899,train,2
7711,train,2
11593,train,1
2272,train,3
703,train,1
9565,train,2
13146,train,1
14468,train,3
2422,train,1
9057,train,2
7018,train,1
14077,train,3
4990,train,1
392,train,4
9629,train,4
10784,train,3
11256,train,1
6583,train,1
7347,train,3
13448,train,1
3808,train,4
4227,train,1
5258,train,4
10150,train,4
10367,train,4
13938,train,2
10299,train,4
5197,train,4
14148,train,3
7765,train,4
1678,train,2
2642,train,1
8707,train,4
12010,train,2
4365,train,3
12970,train,1
11811,train,4
1001,train,2
1118,train,2
1601,train,2
14021,train,2
11066,train,1
12221,train,3
10089,train,2
10,train,3
7093,train,2
13097,train,4
12822,train,2
4914,train,4
4897,train,2
1600,train,2
6537,train,3
10500,train,4
674,train,3
11778,train,4
6017,train,1
2267,train,3
10818,train,2
1274,train,3
6636,train,1
13651,train,2
10917,train,3
11817,train,2
692,train,1
11777,train,3
963,train,4
8479,train,3
7402,train,2
2743,train,3
13201,train,1
9738,train,2
12830,train,1
11989,train,4
6354,train,2
4703,train,3
10206,train,4
4206,train,4
7348,train,4
13070,train,1
1781,train,1
8804,train,4
9794,train,2
12624,train,4
9863,train,4
6325,train,1
2400,train,2
4720,train,2
8945,train,1
9326,train,1
382,train,4
3411,train,3
1442,train,1
14552,train,3
10778,train,4
8371,train,2
2878,train,4
7507,train,1
12296,train,2
1476,train,1
8644,train,2
7111,train,2
10425,train,3
10441,train,3
10738,train,4
11441,train,1
11939,train,2
9231,train,2
2205,train,2
8146,train,1
6313,train,1
13894,train,2
2315,train,2
8322,train,4
11936,train,4
11502,train,4
580,train,1
11240,train,2
9296,train,3
9716,train,3
1795,train,1
7781,train,3
10789,train,4
2740,train,3
12951,train,3
2536,train,4
9947,train,4
9128,train,4
8400,train,1
9903,train,4
10189,train,1
3315,train,1
13058,train,4
11877,train,1
625,train,2
9778,train,2
3228,train,1
4431,train,2
11422,train,2
6455,train,2
12126,train,3
13240,train,2
3083,train,4
1899,train,4
11949,train,2
1547,train,2
4326,train,3
7612,train,1
7942,train,2
10419,train,3
8689,train,4
8979,train,4
10363,train,3
6671,train,4
9718,train,4
5879,train,3
3108,train,3
8895,train,1
11832,train,3
342,train,4
11465,train,1
1114,train,1
7151,train,1
4322,train,3
2982,train,1
672,train,3
10951,train,4
10359,train,3
7438,train,4
12365,train,1
14111,train,3
6942,train,3
292,train,4
707,train,1
162,train,4
12715,train,1
1847,train,1
10713,train,1
4183,train,1
14332,train,3
11929,train,3
1335,train,1
4631,train,3
3200,train,2
9963,train,4
4947,train,3
1338,train,3
6166,train,2
5077,train,3
7200,train,3
1485,train,2
11770,train,1
10981,train,4
7273,train,1
5003,train,3
12892,train,1
220,train,4
460,train,2
11540,train,2
462,train,2
7837,train,3
4961,train,1
11318,train,2
9680,train,4
10669,train,4
9398,train,4
4121,train,4
44,train,3
3512,train,2
3636,train,1
10922,train,4
8680,train,1
7135,train,4
9026,train,4
11312,train,3
6696,train,2
8737,train,2
11763,train,4
5787,train,1
1916,train,3
2859,train,3
6994,train,1
9530,train,3
11390,train,2
274,train,4
10849,train,2
7389,train,3
1541,train,4
3746,train,1
11229,train,4
10915,train,2
8118,train,4
11398,train,3
3340,train,4
12477,train,3
567,train,2
7939,train,4
11726,train,2
9106,train,4
12278,train,1
10061,train,4
2825,train,3
9249,train,3
1762,train,2
3453,train,3
3720,train,3
6431,train,2
1843,train,4
9828,train,1
5134,train,3
11769,train,2
2122,train,2
6927,train,2
4230,train,1
2327,train,2
3882,train,2
12748,train,1
2522,train,3
969,train,3
8328,train,2
8650,train,1
8618,train,1
140,train,4
8995,train,3
9295,train,3
8655,train,3
6896,train,3
12412,train,3
9642,train,1
13160,train,2
12183,train,1
9708,train,4
563,train,2
13910,train,2
2018,train,2
3413,train,4
10319,train,3
4279,train,1
6633,train,2
7527,train,3
10666,train,4
13584,train,1
1244,train,2
8697,train,3
8254,train,2
6219,train,4
10799,train,1
9021,train,2
7400,train,3
5048,train,3
6746,train,2
4213,train,4
6426,train,1
958,train,4
8222,train,4
13668,train,1
446,train,4
2008,train,2
3372,train,1
12926,train,3
6165,train,2
8027,train,4
7552,train,3
9136,train,1
10113,train,4
562,train,2
6806,train,1
12857,train,3
1099,train,4
11919,train,3
7887,train,1
5173,train,4
4710,train,1
9099,train,3
6379,train,1
2748,train,4
10686,train,4
5221,train,2
12796,train,2
7324,train,3
13017,train,4
2683,train,3
91,train,4
2409,train,1
1837,train,4
5799,train,2
8278,train,2
4390,train,2
11205,train,3
10147,train,1
12904,train,2
4400,train,4
14343,train,3
9831,train,3
2014,train,2
12607,train,4
4787,train,1
3967,train,3
215,train,4
2079,train,3
10843,train,4
7676,train,1
6118,train,2
2772,train,1
4369,train,2
11678,train,2
3101,train,3
2163,train,3
10103,train,4
2384,train,1
14138,train,3
6425,train,1
11244,train,2
168,train,4
3381,train,3
4181,train,3
2130,train,1
11173,train,1
571,train,1
6848,train,3
7209,train,2
8675,train,1
1563,train,2
13278,train,1
262,train,4
819,train,3
1200,train,4
11792,train,3
3196,train,3
10662,train,3
5769,train,4
505,train,1
6909,train,4
9434,train,2
11488,train,4
5917,train,2
7416,train,1
12443,train,4
5709,train,1
5026,train,3
6359,train,4
8161,train,4
7182,train,2
9649,train,1
13664,train,1
3331,train,3
4895,train,2
840,train,1
9096,train,3
663,train,3
8685,train,4
12513,train,1
14086,train,3
7205,train,3
9818,train,3
4604,train,1
2665,train,3
4754,train,3
3550,train,2
4112,train,4
7914,train,3
12088,train,1
12944,train,3
13159,train,1
13296,train,1
10930,train,3
11704,train,2
8480,train,3
11463,train,3
993,train,4
4643,train,3
8213,train,2
9154,train,3
12873,train,1
10179,train,4
8461,train,4
2291,train,2
8508,train,3
12075,train,2
10817,train,2
7293,train,4
7501,train,3
4302,train,4
4297,train,1
8947,train,2
8828,train,3
12063,train,3
10607,train,3
3527,train,3
13281,train,2
9489,train,4
1857,train,4
13569,train,2
1179,train,3
2721,train,1
6432,train,1
7563,train,3
11532,train,2
11580,train,1
2062,train,3
7847,train,4
9817,train,3
765,train,2
12156,train,1
5190,train,1
8581,train,2
9702,train,4
398,train,4
11132,train,3
5931,train,4
75,train,3
1361,train,1
5072,train,1
2182,train,1
8171,train,2
4829,train,3
5590,train,1
10070,train,3
1949,train,2
3113,train,4
1131,train,3
1119,train,2
2890,train,4
3458,train,2
530,train,1
7223,train,3
9199,train,1
11879,train,3
3635,train,1
11075,train,1
11172,train,1
8686,train,4
1845,train,1
10017,train,4
11874,train,2
8596,train,3
1469,train,4
11607,train,1
3492,train,2
9029,train,2
2574,train,1
6652,train,1
6745,train,2
470,train,2
11309,train,1
12823,train,2
1965,train,1
3465,train,4
4903,train,2
8060,train,3
2023,train,3
4922,train,2
7216,train,1
7830,train,4
606,train,1
11180,train,4
3456,train,4
13487,train,2
4691,train,4
7659,train,2
11635,train,4
852,train,1
1712,train,1
4286,train,3
4295,train,2
9251,train,3
11819,train,2
6170,train,2
8913,train,3
2371,train,2
11807,train,4
9210,train,4
7510,train,3
2192,train,1
874,train,4
2965,train,1
7442,train,1
12728,train,1
12276,train,1
12100,train,1
1446,train,2
1181,train,4
6074,train,3
11212,train,4
11864,train,1
12003,train,3
13369,train,1
9969,train,3
13284,train,1
8999,train,2
1117,train,4
14255,train,3
13895,train,2
10285,train,2
13079,train,4
1139,train,4
5175,train,3
12766,train,2
3087,train,4
1465,train,2
1410,train,3
10488,train,1
10199,train,1
4969,train,2
14619,train,3
9034,train,3
5263,train,1
6873,train,2
3769,train,3
9700,train,4
3611,train,1
12090,train,1
5387,train,1
3345,train,1
9651,train,3
702,train,3
11282,train,3
4425,train,3
2255,train,1
1644,train,1
9055,train,4
4565,train,2
4142,train,3
1017,train,3
3055,train,1
1006,train,1
13735,train,3
2351,train,2
6810,train,3
8824,train,3
10616,train,1
12811,train,2
2115,train,4
4795,train,1
11347,train,3
4656,train,1
1242,train,4
11976,train,3
173,train,4
5974,train,2
3155,train,1
3728,train,4
9705,train,4
2809,train,3
2194,train,2
5705,train,2
2420,train,2
13946,train,2
10591,train,4
7660,train,2
6192,train,1
8020,train,4
5746,train,3
12175,train,3
5113,train,3
6193,train,1
13388,train,3
4526,train,3
11269,train,1
9577,train,4
120,train,4
10916,train,1
7539,train,3
10228,train,2
2707,train,3
9764,train,1
8310,train,2
1544,train,2
7381,train,3
13115,train,1
8544,train,3
1352,train,1
10909,train,3
777,train,1
10417,train,2
1720,train,3
10216,train,3
12018,train,2
13034,train,1
4796,train,1
9118,train,4
8389,train,4
13085,train,1
7121,train,2
7466,train,3
677,train,2
7857,train,3
1751,train,4
7254,train,4
6021,train,2
648,train,2
772,train,1
7445,train,4
4006,train,4
3485,train,3
4480,train,3
5606,train,4
2217,train,1
1045,train,1
11052,train,3
8359,train,1
3316,train,1
5373,train,1
10106,train,3
1719,train,4
6020,train,2
8789,train,3
4524,train,3
6080,train,2
2827,train,3
9060,train,4
14371,train,3
13129,train,1
7714,train,4
8661,train,4
6933,train,4
12662,train,4
8014,train,1
12985,train,2
8966,train,1
5460,train,2
5551,train,2
11294,train,1
8476,train,3
12780,train,2
12086,train,3
6677,train,1
8063,train,1
4504,train,4
12590,train,4
4845,train,4
10941,train,2
11439,train,2
10042,train,2
13432,train,2
12682,train,4
1105,train,4
2591,train,3
8167,train,2
11337,train,2
1744,train,4
79,train,4
5334,train,4
11096,train,4
8075,train,4
2391,train,3
6739,train,1
10139,train,3
12522,train,2
9868,train,4
5469,train,3
6098,train,2
6667,train,1
763,train,2
2259,train,2
5168,train,2
8002,train,2
5632,train,3
11477,train,2
7706,train,4
10685,train,1
2260,train,1
1565,train,1
12614,train,1
13313,train,1
4508,train,2
1315,train,1
5752,train,3
3810,train,1
11545,train,4
13386,train,2
9162,train,3
9037,train,3
11014,train,4
11046,train,1
7382,train,2
12015,train,4
100,train,4
13412,train,2
8545,train,4
13199,train,4
9063,train,3
8844,train,1
2941,train,1
3208,train,1
6799,train,2
1928,train,3
12824,train,2
594,train,2
9807,train,4
952,train,1
1187,train,1
13004,train,1
4410,train,4
13271,train,1
9224,train,4
6829,train,3
5791,train,1
2412,train,3
11847,train,3
5149,train,1
10680,train,1
9058,train,2
65,train,3
94,train,4
1851,train,4
4168,train,3
13013,train,4
9920,train,4
7423,train,3
7091,train,4
2662,train,1
421,train,4
9070,train,3
6997,train,4
2997,train,2
10310,train,1
6758,train,3
13846,train,2
1684,train,3
160,train,4
4144,train,4
11958,train,4
11054,train,1
2011,train,1
3883,train,2
10137,train,2
12019,train,3
9006,train,1
1082,train,2
6752,train,4
1254,train,1
8587,train,1
844,train,3
11455,train,1
7724,train,3
3351,train,2
13445,train,2
7068,train,3
12486,train,3
7109,train,4
2701,train,4
9102,train,4
7101,train,3
12182,train,1
8818,train,4
6360,train,2
10315,train,1
518,train,1
1804,train,2
8841,train,1
11504,train,4
11283,train,3
11400,train,3
10863,train,3
13612,train,3
6372,train,3
2518,train,4
614,train,1
12259,train,2
854,train,3
9946,train,4
937,train,4
6811,train,2
7721,train,3
832,train,2
9606,train,4
10424,train,3
10710,train,1
9385,train,4
4642,train,3
8455,train,2
5022,train,1
14300,train,3
7653,train,3
11098,train,3
3282,train,4
13415,train,2
9202,train,3
12893,train,3
14630,train,3
5400,train,1
13438,train,4
9444,train,3
8996,train,3
12727,train,2
6198,train,2
4210,train,4
3136,train,1
13124,train,1
4434,train,4
9628,train,1
8248,train,4
4028,train,4
3046,train,1
3097,train,1
8456,train,2
11259,train,3
1085,train,4
9731,train,1
1134,train,2
1983,train,3
7369,train,3
12118,train,2
2544,train,2
11643,train,1
10624,train,1
1213,train,2
9125,train,4
13192,train,4
11020,train,4
5874,train,1
9254,train,4
9830,train,1
13764,train,1
8422,train,2
3981,train,3
3081,train,4
2716,train,4
678,train,1
6755,train,2
12350,train,1
11734,train,4
2482,train,1
928,train,3
10029,train,1
11188,train,3
10674,train,2
9278,train,4
2209,train,1
10258,train,1
11445,train,3
7300,train,1
1922,train,1
8256,train,3
8064,train,1
932,train,1
2846,train,4
12496,train,3
9771,train,2
6240,train,2
11595,train,3
10265,train,3
3677,train,2
7312,train,3
10210,train,4
3473,train,3
6920,train,2
2318,train,4
7444,train,3
5926,train,4
894,train,3
8957,train,4
8923,train,3
564,train,2
6,train,3
12461,train,3
12400,train,4
7805,train,1
3439,train,3
6733,train,2
14629,train,3
4236,train,4
5086,train,3
7905,train,3
1351,train,1
2568,train,2
13732,train,1
4491,train,2
11243,train,3
11263,train,3
12542,train,3
3038,train,1
7468,train,3
7105,train,4
12664,train,2
10864,train,3
4685,train,2
9075,train,3
9768,train,4
12012,train,4
9761,train,1
9439,train,1
6778,train,1
1471,train,1
891,train,4
3341,train,4
12036,train,3
8961,train,2
14405,train,3
2199,train,3
2113,train,4
12885,train,2
4568,train,2
7694,train,1
1020,train,3
4192,train,3
6024,train,2
1556,train,1
3972,train,3
6027,train,2
12668,train,1
12405,train,1
1217,train,2
10399,train,2
6595,train,3
1115,train,1
9795,train,2
4816,train,2
8985,train,3
92,train,4
6578,train,4
3654,train,3
9698,train,4
7931,train,2
7994,train,3
12971,train,1
12911,train,3
1844,train,4
6764,train,1
10955,train,3
5857,train,2
5058,train,1
13273,train,1
9594,train,4
3335,train,2
6821,train,2
13215,train,1
12636,train,1
6489,train,1
11352,train,4
8612,train,1
8393,train,1
8705,train,4
3639,train,3
4190,train,3
5520,train,2
10913,train,4
13363,train,1
2632,train,3
7320,train,3
6370,train,4
10099,train,1
14354,train,3
5032,train,2
3360,train,3
12180,train,2
1980,train,2
3251,train,1
2949,train,4
4384,train,2
2352,train,2
477,train,2
3627,train,2
12745,train,2
6604,train,2
1164,train,2
2757,train,1
3170,train,3
649,train,2
11746,train,1
6712,train,1
2789,train,2
7385,train,4
6022,train,3
7945,train,3
13356,train,3
6792,train,4
9679,train,1
12196,train,4
11005,train,4
13877,train,2
12570,train,1
1184,train,2
11452,train,1
7471,train,4
11308,train,1
11127,train,2
2697,train,4
8354,train,3
8285,train,1
9710,train,1
5662,train,2
12788,train,1
8738,train,1
5240,train,2
647,train,2
1891,train,4
6043,train,3
10614,train,2
11482,train,1
4910,train,3
916,train,3
12564,train,4
7827,train,4
2034,train,3
9051,train,2
8499,train,3
2066,train,1
10385,train,1
6571,train,4
7529,train,3
12559,train,4
5656,train,4
6448,train,4
3434,train,4
3431,train,2
5658,train,4
9175,train,4
4005,train,4
8615,train,1
3482,train,1
5616,train,1
5470,train,1
5517,train,1
10897,train,1
698,train,2
1232,train,1
14232,train,3
13792,train,3
1402,train,3
10742,train,4
8089,train,2
8503,train,2
9015,train,3
3428,train,3
2273,train,2
10604,train,3
1942,train,3
11572,train,2
1838,train,4
13440,train,2
11025,train,3
10658,train,3
7207,train,3
12709,train,3
6514,train,2
7506,train,3
10923,train,1
3626,train,4
9791,train,4
5204,train,1
1148,train,1
8431,train,1
8178,train,1
8921,train,2
8332,train,1
13257,train,2
1293,train,4
13344,train,2
2687,train,4
2097,train,4
561,train,2
2756,train,1
13051,train,1
8134,train,2
5074,train,3
1275,train,3
12596,train,2
14010,train,3
3764,train,4
9968,train,2
2832,train,2
13966,train,3
7088,train,3
1425,train,1
2550,train,3
4774,train,4
10341,train,4
10606,train,3
12556,train,4
6687,train,2
8006,train,4
5010,train,4
2669,train,4
13348,train,2
7482,train,1
10287,train,2
5828,train,1
6879,train,2
8335,train,3
6407,train,2
11145,train,2
6858,train,3
8744,train,1
8225,train,2
6078,train,4
11692,train,2
11768,train,4
24,train,3
5411,train,1
2943,train,1
10526,train,1
3607,train,3
575,train,1
4043,train,4
2615,train,1
11789,train,4
1873,train,3
8410,train,1
9040,train,3
7819,train,4
3010,train,4
14334,train,3
6786,train,3
13416,train,2
14243,train,3
9126,train,4
8930,train,1
5608,train,1
5071,train,4
3090,train,2
2791,train,2
2473,train,4
3206,train,1
2335,train,1
6223,train,1
4527,train,3
9811,train,3
806,train,3
13603,train,2
2603,train,3
5036,train,4
11155,train,4
11997,train,4
3419,train,1
10903,train,4
1508,train,4
2532,train,1
12655,train,2
7888,train,4
2280,train,2
13588,train,3
66,train,3
2643,train,1
9299,train,2
12331,train,1
478,train,2
3432,train,2
12279,train,1
14415,train,3
4827,train,1
1518,train,2
7787,train,4
2668,train,4
8068,train,3
6068,train,2
12733,train,1
4779,train,2
4217,train,2
5819,train,2
7426,train,2
6808,train,3
3535,train,2
7991,train,1
788,train,1
4647,train,3
2806,train,4
9873,train,1
9719,train,4
11959,train,1
13144,train,1
3462,train,1
1846,train,1
7181,train,2
7997,train,4
2910,train,3
4629,train,1
11450,train,2
11335,train,2
6336,train,2
2346,train,3
9494,train,1
8971,train,4
6306,train,2
9773,train,1
4375,train,1
414,train,4
2116,train,3
8740,train,1
7089,train,3
8649,train,1
9895,train,4
441,train,4
4769,train,4
967,train,4
10253,train,2
1461,train,4
1635,train,2
13287,train,1
7695,train,1
13399,train,2
9971,train,4
2399,train,2
8207,train,3
6447,train,4
522,train,1
6957,train,2
3484,train,1
13317,train,2
2969,train,3
7536,train,1
1813,train,3
10755,train,4
8767,train,4
8782,train,4
13157,train,4
4040,train,4
9542,train,4
11948,train,2
7322,train,1
5256,train,3
8316,train,3
8344,train,2
9426,train,4
6272,train,2
493,train,1
8066,train,3
7595,train,3
13425,train,1
6003,train,2
7026,train,2
10557,train,2
64,train,3
6509,train,3
2289,train,2
6875,train,3
10978,train,4
12173,train,4
7169,train,4
4513,train,3
13071,train,1
1724,train,3
12352,train,1
13712,train,1
3229,train,3
6157,train,3
644,train,1
2428,train,2
8268,train,1
9514,train,3
11140,train,4
5842,train,1
12396,train,4
4145,train,4
11354,train,3
5722,train,2
11757,train,1
10628,train,4
13209,train,1
8249,train,2
13618,train,3
2841,train,4
9520,train,4
1782,train,1
2519,train,1
2493,train,3
8787,train,4
3030,train,2
12993,train,3
11466,train,3
857,train,2
378,train,4
10855,train,3
2780,train,3
13325,train,1
8509,train,3
2672,train,3
14605,train,3
13451,train,1
9127,train,4
11987,train,3
7096,train,1
736,train,3
3214,train,4
13263,train,2
1908,train,2
8138,train,3
10560,train,2
1268,train,1
7926,train,2
11848,train,2
10535,train,3
12223,train,4
10988,train,1
2414,train,3
2995,train,4
6344,train,3
3828,train,4
8179,train,4
3702,train,1
11756,train,2
11798,train,4
11791,train,1
10538,train,4
13638,train,1
12153,train,1
4925,train,1
2012,train,3
9756,train,4
853,train,3
5601,train,1
2430,train,1
7228,train,2
8426,train,1
13299,train,2
12039,train,4
9584,train,4
13678,train,2
11810,train,4
9989,train,1
6122,train,1
1491,train,3
10458,train,2
2567,train,2
6885,train,2
2256,train,2
11641,train,4
11629,train,2
3249,train,2
8585,train,1
13969,train,2
6311,train,2
4628,train,1
8727,train,1
5231,train,3
13820,train,2
12860,train,2
9383,train,4
7969,train,4
8462,train,2
13457,train,2
7437,train,1
7010,train,4
4929,train,4
8408,train,3
4814,train,2
8484,train,3
13427,train,4
8303,train,3
8188,train,3
6482,train,3
10877,train,4
3053,train,1
12480,train,2
2471,train,3
1938,train,1
975,train,4
13016,train,1
12437,train,1
7588,train,3
11067,train,3
13718,train,1
10853,train,3
3227,train,1
6218,train,4
11104,train,3
9208,train,3
2432,train,1
3248,train,2
9888,train,4
943,train,1
458,train,2
6164,train,2
1142,train,1
224,train,4
3295,train,3
1701,train,1
5548,train,2
3221,train,4
10471,train,1
6335,train,2
13110,train,1
1075,train,1
6964,train,1
2187,train,2
2736,train,3
3719,train,3
191,train,4
1528,train,1
5213,train,4
913,train,1
13965,train,3
6214,train,4
13143,train,1
13413,train,2
4612,train,3
13154,train,1
3779,train,1
10998,train,4
755,train,1
12230,train,3
428,train,4
7344,train,1
4751,train,1
7003,train,1
2899,train,4
3959,train,1
6042,train,1
5885,train,3
4931,train,3
7406,train,4
5435,train,2
2957,train,3
8012,train,2
3755,train,2
7742,train,3
13495,train,2
3556,train,4
6401,train,2
4014,train,4
5492,train,2
6656,train,3
4734,train,1
9917,train,3
4989,train,1
8506,train,1
2691,train,2
4362,train,4
9532,train,4
12526,train,4
3498,train,1
3494,train,1
4955,train,2
2442,train,1
12440,train,4
11895,train,2
3961,train,4
3164,train,3
13155,train,1
6091,train,2
1255,train,2
11930,train,3
12628,train,4
14038,train,2
12956,train,1
6826,train,1
13486,train,2
1473,train,1
465,train,2
5130,train,1
5109,train,1
5538,train,1
1572,train,3
11403,train,3
4878,train,4
11988,train,4
13331,train,1
8299,train,3
72,train,3
2395,train,4
7123,train,3
3367,train,2
4605,train,1
12931,train,1
3842,train,3
3358,train,3
10972,train,3
10651,train,3
4185,train,4
1415,train,3
11945,train,1
12992,train,2
5218,train,4
3244,train,3
12187,train,2
10691,train,3
4096,train,1
14,train,3
12870,train,2
5800,train,1
9454,train,4
2947,train,3
1989,train,2
1318,train,4
6705,train,1
4528,train,3
5866,train,1
9216,train,4
14404,train,3
4912,train,4
6191,train,1
1009,train,3
280,train,4
12612,train,4
7258,train,1
11142,train,4
12001,train,3
3071,train,1
3031,train,1
10682,train,4
6018,train,1
10095,train,2
9239,train,1
6731,train,2
7930,train,3
10059,train,4
10435,train,1
5185,train,2
6032,train,1
9308,train,1
8126,train,1
10087,train,4
900,train,2
6804,train,1
6462,train,2
6631,train,1
9500,train,1
9604,train,3
425,train,4
1373,train,3
2640,train,2
7606,train,1
4385,train,2
5779,train,4
6485,train,3
6263,train,2
11551,train,2
10763,train,1
1567,train,1
9391,train,4
11499,train,2
2494,train,4
9503,train,3
13646,train,2
5717,train,3
13666,train,2
6442,train,1
13084,train,1
13156,train,3
8104,train,4
9538,train,4
6908,train,4
3559,train,2
5694,train,3
11440,train,3
3047,train,1
97,train,4
4258,train,4
1395,train,3
3730,train,3
5687,train,1
3899,train,3
10536,train,3
184,train,4
10429,train,3
13522,train,2
1973,train,1
4328,train,4
2264,train,3
5384,train,1
13164,train,3
1655,train,3
8827,train,3
12060,train,1
6228,train,2
10003,train,2
12067,train,3
9797,train,4
758,train,1
1206,train,1
9528,train,1
627,train,2
7638,train,4
11356,train,3
6124,train,1
10933,train,3
7788,train,4
8944,train,1
9135,train,1
633,train,2
10305,train,2
3985,train,3
10679,train,2
12524,train,3
13213,train,1
12592,train,4
422,train,4
11350,train,2
2821,train,3
13189,train,2
5504,train,4
6207,train,2
4583,train,3
11795,train,1
288,train,4
13109,train,1
12867,train,2
5017,train,1
13249,train,2
9559,train,3
3109,train,3
9495,train,3
11654,train,4
8903,train,3
19,train,3
3210,train,3
10825,train,1
4916,train,2
13494,train,1
9919,validation,4
11495,validation,2
7644,validation,2
13020,validation,2
10788,validation,1
5087,validation,1
835,validation,4
3847,validation,4
6932,validation,4
8556,validation,2
5579,validation,1
6491,validation,2
3346,validation,4
3368,validation,2
12977,validation,4
8516,validation,2
9185,validation,3
7627,validation,2
4811,validation,1
2777,validation,3
5116,validation,3
2822,validation,3
12356,validation,4
6878,validation,2
5727,validation,1
1076,validation,1
8940,validation,2
4346,validation,4
9401,validation,4
3521,validation,3
14258,validation,3
6481,validation,1
9840,validation,1
13623,validation,1
1188,validation,1
3715,validation,4
1194,validation,1
2578,validation,1
2455,validation,2
6034,validation,2
3330,validation,3
11278,validation,3
2270,validation,2
6861,validation,2
13396,validation,2
11117,validation,4
12319,validation,1
1910,validation,3
12370,validation,4
9769,validation,4
10144,validation,2
5920,validation,2
9241,validation,1
10256,validation,2
2418,validation,2
2808,validation,4
2046,validation,4
8194,validation,3
4834,validation,3
2675,validation,4
1291,validation,4
1898,validation,1
1664,validation,2
7165,validation,3
6116,validation,2
4704,validation,4
12158,validation,1
11090,validation,4
4967,validation,3
6475,validation,4
7361,validation,4
2321,validation,3
1324,validation,4
12679,validation,1
7971,validation,3
9686,validation,2
5119,validation,3
1284,validation,2
12064,validation,3
11370,validation,2
7812,validation,4
9580,validation,4
9556,validation,2
4022,validation,4
7083,validation,2
2446,validation,2
6794,validation,4
1018,validation,4
5778,validation,3
12887,validation,2
12409,validation,3
11247,validation,1
6065,validation,1
2212,validation,4
834,validation,4
9877,validation,1
9896,validation,4
8219,validation,3
258,validation,4
5034,validation,2
12908,validation,2
9980,validation,4
5376,validation,2
6188,validation,1
7615,validation,3
8339,validation,2
6483,validation,2
9997,validation,3
12865,validation,4
1424,validation,1
5464,validation,2
8471,validation,2
2966,validation,1
9966,validation,4
254,validation,4
4320,validation,3
1686,validation,4
8216,validation,3
7221,validation,4
13113,validation,2
4002,validation,4
9404,validation,4
6845,validation,1
2072,validation,4
1669,validation,4
3663,validation,2
8444,validation,3
2020,validation,4
8377,validation,3
10736,validation,3
3437,validation,4
12342,validation,2
6249,validation,3
11242,validation,1
4794,validation,1
4840,validation,1
1557,validation,1
7016,validation,3
10708,validation,1
2383,validation,1
2308,validation,3
2803,validation,2
6607,validation,4
5696,validation,4
12902,validation,2
12560,validation,2
13076,validation,1
3339,validation,1
14193,validation,3
8711,validation,1
9478,validation,4
6926,validation,3
6411,validation,1
11201,validation,1
1963,validation,1
7114,validation,1
13808,validation,2
13358,validation,3
1620,validation,2
5659,validation,4
10617,validation,1
8166,validation,2
4958,validation,1
12603,validation,1
3018,validation,4
6865,validation,1
11887,validation,1
5226,validation,2
661,validation,2
554,validation,4
11483,validation,3
6539,validation,3
3921,validation,4
6884,validation,3
6153,validation,1
3643,validation,2
8291,validation,3
6496,validation,2
12896,validation,3
6923,validation,1
2437,validation,2
9306,validation,1
11760,validation,2
13400,validation,1
6364,validation,2
8360,validation,1
3074,validation,3
12722,validation,2
6602,validation,2
2633,validation,3
12401,validation,4
2624,validation,4
146,validation,4
10473,validation,3
5069,validation,4
6072,validation,3
9615,validation,4
10251,validation,2
11342,validation,4
6238,validation,4
8237,validation,4
8501,validation,3
6092,validation,3
13579,validation,3
6287,validation,2
13706,validation,1
2385,validation,1
6777,validation,1
11252,validation,3
6623,validation,1
959,validation,2
11154,validation,4
4684,validation,2
5625,validation,1
1400,validation,1
7662,validation,1
7061,validation,1
3792,validation,4
2178,validation,1
10183,validation,1
9952,validation,2
5385,validation,1
6391,validation,2
3770,validation,3
10896,validation,1
9549,validation,3
10899,validation,3
5080,validation,2
2148,validation,2
5040,validation,2
5692,validation,3
1554,validation,1
2503,validation,3
5699,validation,2
6016,validation,3
11938,validation,4
5839,validation,1
6389,validation,2
11130,validation,1
1339,validation,4
1334,validation,1
7175,validation,2
3172,validation,4
4514,validation,4
11174,validation,1
2645,validation,1
7409,validation,4
4220,validation,2
5936,validation,1
437,validation,4
8882,validation,3
5194,validation,3
2507,validation,2
8718,validation,1
4803,validation,1
1474,validation,1
11731,validation,1
6137,validation,2
5702,validation,2
8158,validation,3
9943,validation,3
4789,validation,1
6094,validation,2
9131,validation,2
2114,validation,2
3489,validation,4
2301,validation,1
1385,validation,3
10401,validation,1
4490,validation,4
9265,validation,2
10167,validation,3
9990,validation,3
6135,validation,2
10816,validation,2
8200,validation,2
2590,validation,3
10071,validation,1
512,validation,1
8521,validation,1
6751,validation,3
4097,validation,1
8968,validation,4
12483,validation,1
13042,validation,3
12948,validation,2
2248,validation,3
5346,validation,3
10904,validation,3
3401,validation,2
13660,validation,1
5161,validation,4
1850,validation,3
8101,validation,3
7973,validation,3
3313,validation,4
4275,validation,2
11632,validation,3
9798,validation,4
7610,validation,1
2157,validation,2
3173,validation,4
1219,validation,3
10169,validation,4
5891,validation,3
8915,validation,3
8300,validation,3
5468,validation,3
2500,validation,1
7143,validation,3
6649,validation,1
12696,validation,3
2509,validation,1
9746,validation,3
10032,validation,2
13989,validation,3
2006,validation,2
6301,validation,3
9353,validation,2
14128,validation,3
9085,validation,3
11742,validation,2
9767,validation,4
4331,validation,3
2917,validation,1
6413,validation,3
5115,validation,2
276,validation,4
5793,validation,3
6339,validation,3
2686,validation,3
6114,validation,1
4478,validation,3
1417,validation,3
5830,validation,3
9441,validation,1
12667,validation,4
2197,validation,3
11625,validation,3
1095,validation,1
12670,validation,3
5638,validation,3
12341,validation,4
2344,validation,3
1767,validation,2
4946,validation,3
5818,validation,2
11915,validation,4
3261,validation,1
381,validation,4
8536,validation,2
8755,validation,3
2698,validation,4
8370,validation,2
13036,validation,2
8297,validation,3
1997,validation,1
8846,validation,3
9730,validation,4
5801,validation,1
11835,validation,4
11801,validation,3
7110,validation,2
11912,validation,4
4274,validation,2
6948,validation,2
1747,validation,1
12544,validation,4
13365,validation,1
1451,validation,4
13695,validation,1
12371,validation,4
12847,validation,4
10867,validation,4
12255,validation,3
2795,validation,1
6057,validation,4
5834,validation,1
3497,validation,1
9451,validation,4
4847,validation,3
13172,validation,2
7286,validation,1
13022,validation,2
12997,validation,1
11630,validation,2
22,validation,3
10670,validation,2
4543,validation,3
3884,validation,2
13130,validation,1
8232,validation,2
4409,validation,4
6315,validation,1
5389,validation,2
8137,validation,4
1841,validation,4
7112,validation,1
7908,validation,4
2607,validation,3
3699,validation,4
582,validation,1
12399,validation,4
4406,validation,2
12925,validation,3
3089,validation,2
5871,validation,4
5052,validation,4
11637,validation,2
13297,validation,2
2222,validation,4
2959,validation,2
7680,validation,4
5350,validation,1
653,validation,1
5073,validation,3
1031,validation,1
7401,validation,2
7399,validation,2
6220,validation,4
13170,validation,1
2870,validation,1
8691,validation,4
10357,validation,2
9400,validation,4
8489,validation,3
11736,validation,2
9745,validation,3
4238,validation,4
13789,validation,2
3686,validation,2
7731,validation,3
1,validation,3
3558,validation,2
13161,validation,2
831,validation,1
8054,validation,2
13046,validation,2
8677,validation,1
8055,validation,3
5526,validation,3
484,validation,2
9539,validation,4
8289,validation,4
12135,validation,1
7486,validation,1
12647,validation,4
3905,validation,3
11911,validation,1
9867,validation,4
827,validation,3
13671,validation,3
8983,validation,4
13050,validation,3
12488,validation,4
9223,validation,4
5540,validation,2
8747,validation,3
8215,validation,1
9926,validation,4
1879,validation,4
450,validation,2
4875,validation,3
10157,validation,4
9220,validation,4
6675,validation,2
323,validation,4
11920,validation,3
8082,validation,2
3630,validation,2
1174,validation,4
13684,validation,1
5798,validation,2
2386,validation,1
5822,validation,2
2269,validation,4
10695,validation,4
4536,validation,2
7376,validation,1
1282,validation,3
7893,validation,3
6019,validation,2
1120,validation,2
6747,validation,1
987,validation,4
6317,validation,1
11675,validation,2
5230,validation,3
5182,validation,4
13198,validation,3
4595,validation,4
9563,validation,4
5172,validation,1
5404,validation,2
1220,validation,3
7009,validation,4
11030,validation,2
3596,validation,1
8143,validation,2
7425,validation,2
667,validation,3
3454,validation,3
68,validation,3
9399,validation,1
7951,validation,1
1270,validation,4
14514,validation,3
2240,validation,1
5178,validation,3
2725,validation,4
13029,validation,2
2207,validation,2
10423,validation,3
12383,validation,2
3382,validation,3
3584,validation,3
2390,validation,3
10599,validation,4
5549,validation,2
5912,validation,4
2098,validation,4
8077,validation,3
517,validation,1
10161,validation,4
6111,validation,4
802,validation,3
1499,validation,3
3223,validation,2
2608,validation,3
8210,validation,2
8771,validation,3
454,validation,2
2450,validation,3
4418,validation,2
660,validation,1
2040,validation,2
4091,validation,3
4841,validation,2
4061,validation,2
6691,validation,2
13685,validation,1
7553,validation,3
6415,validation,2
986,validation,4
6395,validation,3
435,validation,4
3701,validation,4
8226,validation,2
2601,validation,4
12316,validation,1
10301,validation,4
5443,validation,3
7810,validation,4
811,validation,4
3058,validation,4
11582,validation,3
11182,validation,2
11118,validation,4
12959,validation,3
9345,validation,3
4191,validation,3
11103,validation,2
2960,validation,2
10750,validation,4
7084,validation,1
12729,validation,1
5498,validation,2
9777,validation,1
2543,validation,4
236,validation,4
11838,validation,2
12520,validation,1
2231,validation,3
6977,validation,3
6175,validation,2
2750,validation,2
11168,validation,1
5291,validation,3
9960,validation,4
11476,validation,2
13640,validation,2
8333,validation,2
1057,validation,4
13340,validation,2
4531,validation,3
10661,validation,3
4154,validation,3
2017,validation,2
8397,validation,1
4597,validation,4
9995,validation,4
10192,validation,1
13258,validation,2
13384,validation,2
2141,validation,3
165,validation,4
12212,validation,2
3787,validation,2
9081,validation,2
11913,validation,4
13625,validation,2
12812,validation,1
9675,validation,1
4372,validation,2
2061,validation,1
10076,validation,3
12162,validation,4
1381,validation,4
2765,validation,1
4197,validation,3
9553,validation,4
13682,validation,2
5597,validation,3
4477,validation,3
4321,validation,3
13576,validation,1
12428,validation,4
4726,validation,2
14333,validation,3
6025,validation,2
2131,validation,1
7335,validation,1
4433,validation,4
7974,validation,3
5667,validation,2
7760,validation,3
5572,validation,4
13717,validation,1
8231,validation,2
12663,validation,4
4149,validation,4
5279,validation,4
3125,validation,2
12260,validation,4
10233,validation,3
9743,validation,3
2316,validation,1
1937,validation,1
2854,validation,1
4024,validation,4
7509,validation,3
10836,validation,3
8838,validation,4
609,validation,2
9603,validation,1
1482,validation,3
5006,validation,1
5626,validation,1
9152,validation,4
11921,validation,3
1070,validation,1
12903,validation,1
2348,validation,4
12027,validation,1
8960,validation,4
6998,validation,2
7625,validation,2
4849,validation,3
14242,validation,3
2215,validation,2
10882,validation,4
9510,validation,3
9134,validation,2
3468,validation,1
11852,validation,1
12170,validation,1
10964,validation,2
2156,validation,2
6622,validation,1
10918,validation,3
13450,validation,2
9678,validation,1
1960,validation,4
6663,validation,1
3515,validation,1
11932,validation,4
13480,validation,2
5164,validation,2
5261,validation,1
12248,validation,1
2537,validation,1
11248,validation,2
8411,validation,2
4301,validation,4
3655,validation,3
7733,validation,4
804,validation,3
5750,validation,1
1540,validation,4
4937,validation,3
5953,validation,3
8130,validation,4
7963,validation,4
9786,validation,1
13561,validation,2
12976,validation,1
6269,validation,2
2104,validation,1
4757,validation,3
1917,validation,3
2659,validation,4
4842,validation,4
10598,validation,1
598,validation,1
3587,validation,3
3511,validation,3
9878,validation,3
10456,validation,2
3374,validation,1
7194,validation,3
922,validation,3
13613,validation,3
7869,validation,1
6312,validation,1
13594,validation,1
1195,validation,3
1765,validation,2
8053,validation,1
4809,validation,1
13465,validation,1
12224,validation,4
1183,validation,2
12759,validation,2
2728,validation,3
8847,validation,4
13713,validation,1
6472,validation,1
10118,validation,4
8288,validation,4
9548,validation,4
4198,validation,3
2426,validation,2
2717,validation,2
9815,validation,3
2295,validation,2
7218,validation,1
12005,validation,3
12686,validation,2
10398,validation,2
4263,validation,3
2875,validation,3
3158,validation,3
9334,validation,2
6459,validation,1
10873,validation,1
1008,validation,3
14064,validation,3
624,validation,1
11631,validation,1
12234,validation,3
2377,validation,2
1589,validation,1
10000,validation,1
2994,validation,1
6365,validation,2
3072,validation,3
5481,validation,3
5368,validation,1
11404,validation,3
54,validation,3
2520,validation,1
8334,validation,3
12502,validation,1
9261,validation,4
13225,validation,1
3276,validation,3
1618,validation,2
4670,validation,3
4854,validation,4
9627,validation,4
11038,validation,3
3355,validation,1
10343,validation,3
8265,validation,2
4919,validation,2
5377,validation,2
6241,validation,2
5934,validation,1
10002,validation,1
12790,validation,3
8403,validation,1
5838,validation,1
9507,validation,3
3447,validation,2
411,validation,4
3217,validation,1
11639,validation,1
10711,validation,1
7546,validation,4
4633,validation,3
8551,validation,1
5983,validation,3
13153,validation,1
3422,validation,1
2076,validation,4
1040,validation,4
455,validation,2
4303,validation,2
2547,validation,1
5302,validation,1
7470,validation,4
9513,validation,1
10732,validation,4
8648,validation,1
7367,validation,3
6761,validation,1
13392,validation,2
4748,validation,2
6374,validation,3
3833,validation,1
13027,validation,3
9411,validation,4
6642,validation,1
7277,validation,3
5855,validation,1
473,validation,2
7211,validation,2
528,validation,1
10007,validation,3
9423,validation,3
8144,validation,2
13227,validation,2
603,validation,2
3260,validation,4
4176,validation,1
6318,validation,3
4451,validation,1
11435,validation,3
1101,validation,4
4949,validation,4
11741,validation,3
2208,validation,1
3918,validation,2
1982,validation,3
1778,validation,2
4892,validation,4
5506,validation,4
12982,validation,4
12834,validation,1
2282,validation,1
6893,validation,1
6727,validation,2
5634,validation,3
8972,validation,4
9195,validation,4
6518,validation,4
5511,validation,1
7243,validation,2
10466,validation,4
7671,validation,3
11492,validation,3
9097,validation,2
4466,validation,3
13370,validation,2
1016,validation,3
11999,validation,4
1681,validation,2
3844,validation,3
1809,validation,1
1520,validation,2
12980,validation,1
13267,validation,1
3416,validation,2
10969,validation,3
1122,validation,1
7952,validation,1
1345,validation,1
3383,validation,4
13426,validation,1
7249,validation,2
8024,validation,3
8123,validation,4
9437,validation,1
5456,validation,1
3700,validation,4
2183,validation,3
4472,validation,2
12918,validation,3
13092,validation,3
12566,validation,4
11845,validation,1
3032,validation,1
8909,validation,1
4785,validation,2
8676,validation,1
5001,validation,3
13174,validation,2
7767,validation,4
2621,validation,1
1535,validation,4
3026,validation,2
11368,validation,1
3165,validation,3
2288,validation,4
8980,validation,2
3446,validation,2
5536,validation,2
312,validation,4
5214,validation,2
4952,validation,4
270,validation,4
13220,validation,1
9035,validation,3
11165,validation,1
6473,validation,1
7491,validation,3
2970,validation,1
9468,validation,2
8050,validation,4
3778,validation,1
3509,validation,1
8007,validation,3
7106,validation,3
9722,validation,2
13821,validation,2
10353,validation,3
5675,validation,1
8988,validation,1
5420,validation,4
8569,validation,1
432,validation,4
1012,validation,4
5414,validation,1
5154,validation,3
5408,validation,2
4426,validation,3
6414,validation,1
6991,validation,2
396,validation,4
722,validation,4
13463,validation,2
10404,validation,2
9313,validation,2
7304,validation,4
816,validation,1
59,validation,3
12460,validation,1
3051,validation,1
3292,validation,1
2031,validation,4
2679,validation,3
13226,validation,2
5422,validation,3
8220,validation,4
801,validation,3
5244,validation,1
9938,validation,1
9688,validation,4
11171,validation,3
9450,validation,3
5765,validation,2
13015,validation,1
12142,validation,4
6279,validation,1
6588,validation,2
10175,validation,1
9755,validation,4
11658,validation,3
5737,validation,4
11494,validation,2
1106,validation,4
14161,validation,3
1699,validation,1
6142,validation,2
10901,validation,3
12240,validation,1
8749,validation,1
5304,validation,1
114,validation,4
699,validation,1
188,validation,4
5440,validation,1
10701,validation,4
8567,validation,4
13179,validation,1
7934,validation,3
4224,validation,2
8227,validation,1
6856,validation,3
5466,validation,4
5355,validation,3
5329,validation,1
10459,validation,2
208,validation,4
9916,validation,3
6155,validation,2
8708,validation,2
11195,validation,2
8315,validation,1
7225,validation,3
3243,validation,3
6276,validation,3
13324,validation,1
1788,validation,2
8550,validation,1
12312,validation,4
9809,validation,4
10746,validation,3
7504,validation,1
4887,validation,1
756,validation,4
5652,validation,4
1449,validation,3
12229,validation,2
4178,validation,3
1330,validation,1
303,validation,4
5531,validation,2
8240,validation,4
2298,validation,2
11750,validation,4
8887,validation,3
8890,validation,3
10350,validation,2
11167,validation,2
12858,validation,4
13647,validation,2
3061,validation,4
175,validation,4
13693,validation,1
731,validation,3
5103,validation,2
9664,validation,2
5037,validation,4
2829,validation,4
947,validation,3
1027,validation,3
4419,validation,2
8637,validation,3
12983,validation,4
3391,validation,1
11128,validation,2
13621,validation,1
8557,validation,2
2533,validation,3
5471,validation,2
985,validation,4
4600,validation,3
3815,validation,3
680,validation,1
6956,validation,2
10388,validation,1
13171,validation,3
565,validation,2
4665,validation,3
9164,validation,3
13126,validation,4
1152,validation,4
1044,validation,1
9666,validation,2
5294,validation,4
7449,validation,4
11748,validation,4
7078,validation,2
10465,validation,3
11628,validation,2
12820,validation,2
390,validation,4
9650,validation,3
5682,validation,1
5642,validation,4
12774,validation,2
6694,validation,1
5901,validation,3
12695,validation,3
7503,validation,4
9757,validation,4
7839,validation,3
10463,validation,4
11529,validation,2
9319,validation,2
11776,validation,3
13389,validation,3
1167,validation,4
4034,validation,4
929,validation,4
675,validation,2
5948,validation,1
10248,validation,3
3004,validation,4
4315,validation,3
6363,validation,2
9366,validation,1
1710,validation,2
6798,validation,2
4539,validation,2
124,validation,4
4012,validation,4
12202,validation,1
5876,validation,4
12385,validation,3
13700,validation,2
11355,validation,3
1718,validation,1
9838,validation,3
8582,validation,2
1307,validation,2
13216,validation,4
11326,validation,2
11900,validation,3
1489,validation,3
5266,validation,2
8136,validation,1
5193,validation,4
2674,validation,4
10187,validation,4
10989,validation,1
4538,validation,2
11896,validation,4
2794,validation,1
11828,validation,1
10464,validation,3
977,validation,2
6889,validation,2
10138,validation,1
10974,validation,4
8811,validation,2
9880,validation,3
5909,validation,3
12946,validation,4
8099,validation,3
1125,validation,1
11412,validation,1
8776,validation,4
7180,validation,2
10524,validation,1
11818,validation,2
12536,validation,3
2681,validation,3
7465,validation,3
10414,validation,2
4869,validation,1
8633,validation,4
4031,validation,4
1292,validation,4
11220,validation,2
9754,validation,4
12008,validation,2
789,validation,4
4137,validation,1
12167,validation,3
11286,validation,3
9397,validation,4
10124,validation,2
7351,validation,2
9694,validation,2
10159,validation,2
10454,validation,1
4707,validation,2
6119,validation,1
3837,validation,3
5288,validation,1
7966,validation,3
12680,validation,4
10018,validation,4
13657,validation,1
10184,validation,1
821,validation,3
1416,validation,3
3579,validation,1
11011,validation,4
10977,validation,4
3577,validation,1
766,validation,2
11387,validation,1
4522,validation,3
13376,validation,4
976,validation,4
2644,validation,1
4231,validation,1
4255,validation,4
8669,validation,1
13688,validation,2
3571,validation,3
3092,validation,3
2506,validation,2
4015,validation,4
7059,validation,1
7430,validation,3
3496,validation,1
2913,validation,2
1445,validation,4
6392,validation,2
3460,validation,1
4370,validation,2
5571,validation,4
2572,validation,1
1675,validation,4
7570,validation,4
7087,validation,1
10595,validation,3
2128,validation,2
11166,validation,2
8753,validation,3
5410,validation,2
3522,validation,4
10889,validation,4
7872,validation,4
13701,validation,1
9932,validation,2
7034,validation,1
848,validation,4
5688,validation,2
7884,validation,2
3798,validation,4
5732,validation,3
10369,validation,4
12281,validation,4
8472,validation,2
10448,validation,1
2505,validation,3
1359,validation,1
6936,validation,1
4256,validation,4
12283,validation,4
9041,validation,3
12168,validation,3
12487,validation,3
8092,validation,3
10006,validation,1
4115,validation,4
10567,validation,3
10739,validation,3
10943,validation,2
7543,validation,4
6298,validation,3
3057,validation,4
12318,validation,1
690,validation,1
7046,validation,2
3464,validation,3
6598,validation,2
14388,validation,3
6517,validation,3
6087,validation,4
7049,validation,2
8052,validation,2
11121,validation,3
6790,validation,1
238,validation,4
3993,validation,3
3824,validation,2
9229,validation,2
10543,validation,3
13934,validation,2
1808,validation,2
3245,validation,3
12762,validation,3
8376,validation,4
7245,validation,2
13136,validation,1
3916,validation,2
1661,validation,4
4640,validation,3
7037,validation,3
5222,validation,1
13044,validation,2
11609,validation,4
10530,validation,2
8666,validation,1
10857,validation,2
5805,validation,2
10812,validation,3
6827,validation,3
5179,validation,3
779,validation,1
6390,validation,2
2038,validation,4
11460,validation,3
10334,validation,3
13316,validation,2
13054,validation,2
9573,validation,4
8154,validation,2
2751,validation,2
1159,validation,2
11548,validation,4
946,validation,3
3056,validation,3
9338,validation,1
13680,validation,1
12708,validation,3
2904,validation,1
12200,validation,1
12239,validation,2
12531,validation,2
548,validation,4
306,validation,4
211,validation,4
9149,validation,4
8131,validation,4
4843,validation,4
10279,validation,1
13175,validation,2
8893,validation,2
6762,validation,1
12509,validation,2
6282,validation,1
14416,validation,3
3695,validation,2
4351,validation,2
6947,validation,2
4300,validation,4
4506,validation,2
1896,validation,2
5098,validation,4
2842,validation,4
10114,validation,2
13653,validation,3
5533,validation,2
735,validation,1
7405,validation,2
1261,validation,3
1801,validation,4
10407,validation,2
3978,validation,3
10231,validation,2
12315,validation,1
950,validation,4
6110,validation,4
13726,validation,1
7079,validation,2
10515,validation,2
6614,validation,2
11079,validation,1
474,validation,2
3894,validation,3
10936,validation,4
237,validation,4
5391,validation,4
5762,validation,2
12484,validation,1
10455,validation,2
12327,validation,2
4627,validation,1
12707,validation,2
9545,validation,4
2713,validation,3
14179,validation,3
780,validation,1
11583,validation,3
8242,validation,4
6613,validation,1
13761,validation,2
10796,validation,1
3930,validation,3
4588,validation,1
676,validation,2
14358,validation,3
8087,validation,2
7007,validation,4
918,validation,4
12644,validation,2
3283,validation,2
7774,validation,2
5747,validation,3
1175,validation,4
8170,validation,2
3692,validation,3
4649,validation,2
12713,validation,2
11552,validation,2
13283,validation,1
6069,validation,1
11642,validation,3
3989,validation,3
232,validation,4
769,validation,2
10561,validation,2
8553,validation,3
7667,validation,3
11749,validation,4
10996,validation,4
9205,validation,3
6038,validation,3
5858,validation,1
13361,validation,1
11727,validation,2
10215,validation,1
2467,validation,1
1376,validation,3
13158,validation,2
11866,validation,1
6355,validation,2
10360,validation,3
9793,validation,4
2349,validation,4
255,validation,4
9784,validation,2
10108,validation,3
12262,validation,3
11797,validation,4
3013,validation,4
1546,validation,2
9030,validation,3
2893,validation,4
14201,validation,3
9885,validation,2
6726,validation,2
8539,validation,2
5757,validation,3
899,validation,4
12750,validation,3
1783,validation,1
13551,validation,3
252,validation,4
2903,validation,1
2807,validation,3
3425,validation,4
7489,validation,3
8679,validation,1
1267,validation,4
9857,validation,3
2257,validation,4
10057,validation,3
9067,validation,4
374,validation,4
5429,validation,2
12231,validation,4
230,validation,4
4510,validation,1
8589,validation,4
6105,validation,1
4598,validation,4
1915,validation,1
4723,validation,2
2132,validation,4
410,validation,4
2993,validation,2
3185,validation,2
8542,validation,4
6295,validation,1
8901,validation,4
10051,validation,1
4,validation,3
9602,validation,1
2118,validation,4
9472,validation,3
2206,validation,2
9881,validation,3
5770,validation,2
8891,validation,4
3548,validation,4
3471,validation,1
2159,validation,2
13185,validation,1
5786,validation,1
3710,validation,2
13509,validation,3
6280,validation,1
11886,validation,1
10410,validation,2
5802,validation,4
8912,validation,4
11100,validation,2
2221,validation,4
10204,validation,2
3920,validation,3
8783,validation,1
475,validation,2
8636,validation,1
9780,validation,2
9727,validation,4
7377,validation,2
11876,validation,1
13644,validation,2
7302,validation,3
1150,validation,4
12901,validation,2
12201,validation,1
7453,validation,3
1732,validation,1
3510,validation,1
5763,validation,2
81,validation,4
10793,validation,2
10347,validation,4
6109,validation,4
3236,validation,1
325,validation,4
10491,validation,3
3259,validation,4
3851,validation,4
6960,validation,1
2863,validation,3
596,validation,2
4296,validation,1
2858,validation,3
3776,validation,2
10760,validation,1
7689,validation,1
8967,validation,1
14080,validation,3
4585,validation,1
4890,validation,1
11115,validation,2
10914,validation,2
4250,validation,4
1347,validation,1
4387,validation,1
8861,validation,4
4126,validation,2
3255,validation,2
11415,validation,4
2744,validation,3
1693,validation,4
3077,validation,3
10427,validation,3
11013,validation,4
11946,validation,1
2290,validation,2
1072,validation,3
13266,validation,1
3080,validation,4
2948,validation,4
5477,validation,3
1280,validation,3
13065,validation,1
10437,validation,1
2712,validation,3
2323,validation,3
10834,validation,3
3405,validation,1
1468,validation,3
8956,validation,3
13262,validation,3
2551,validation,1
9005,validation,3
5112,validation,3
8732,validation,4
4542,validation,1
10519,validation,1
7041,validation,2
5114,validation,4
5649,validation,4
9130,validation,2
10292,validation,1
9954,validation,1
1236,validation,4
11743,validation,2
1962,validation,2
6437,validation,1
10172,validation,1
8659,validation,3
7985,validation,4
7918,validation,2
10748,validation,3
10603,validation,4
6589,validation,2
6854,validation,3
105,validation,4
6151,validation,2
8588,validation,1
7370,validation,3
2944,validation,2
8157,validation,3
13777,validation,3
12403,validation,2
534,validation,1
5342,validation,1
2526,validation,4
5403,validation,1
1341,validation,1
8725,validation,2
6150,validation,2
2166,validation,1
11050,validation,3
285,validation,4
6664,validation,1
3624,validation,3
4520,validation,1
8192,validation,3
6965,validation,3
10462,validation,4
3531,validation,3
10573,validation,1
1739,validation,2
610,validation,1
13188,validation,4
4589,validation,1
12565,validation,4
5600,validation,1
13620,validation,1
815,validation,2
1558,validation,4
2193,validation,1
3739,validation,4
13408,validation,1
102,validation,4
13748,validation,2
9810,validation,4
3594,validation,2
12257,validation,3
13610,validation,3
5663,validation,2
13737,validation,1
13493,validation,1
4125,validation,2
1037,validation,2
8147,validation,1
13134,validation,1
13096,validation,4
6088,validation,2
1592,validation,2
5267,validation,3
11218,validation,1
2483,validation,1
860,validation,4
7516,validation,3
13295,validation,1
4076,validation,1
2940,validation,1
5313,validation,4
7824,validation,4
13469,validation,2
11316,validation,4
9861,validation,1
12464,validation,3
1302,validation,2
11943,validation,2
8184,validation,4
14604,validation,3
10751,validation,4
8829,validation,3
11051,validation,1
11498,validation,2
11305,validation,2
4131,validation,1
9841,validation,1
12323,validation,4
4481,validation,3
8305,validation,3
4122,validation,4
12197,validation,4
5318,validation,4
1260,validation,1
1178,validation,1
10512,validation,2
6465,validation,1
7879,validation,3
9389,validation,4
2815,validation,3
7342,validation,1
6546,validation,1
11980,validation,3
8427,validation,3
6494,validation,1
5050,validation,3
8032,validation,4
10968,validation,3
11579,validation,1
4007,validation,4
6919,validation,4
9657,validation,3
5051,validation,4
7566,validation,1
4228,validation,1
11721,validation,2
11330,validation,2
3486,validation,3
4868,validation,1
2309,validation,4
8263,validation,2
12625,validation,1
9028,validation,3
8563,validation,1
5233,validation,3
13006,validation,2
2630,validation,1
8022,validation,3
2472,validation,4
10634,validation,4
7259,validation,1
507,validation,1
4205,validation,4
9611,validation,3
2388,validation,1
5124,validation,2
9774,validation,1
908,validation,1
10980,validation,4
13182,validation,2
9977,validation,3
10481,validation,1
4246,validation,4
7233,validation,2
8768,validation,4
3284,validation,2
5862,validation,1
10446,validation,2
3656,validation,3
2009,validation,2
9235,validation,2
6784,validation,1
6816,validation,3
2773,validation,1
10135,validation,3
3118,validation,1
9735,validation,3
2787,validation,4
12930,validation,1
9290,validation,3
1479,validation,1
12354,validation,3
5136,validation,4
4299,validation,4
3094,validation,1
12013,validation,3
11058,validation,4
637,validation,2
7441,validation,1
12359,validation,4
1579,validation,3
3409,validation,3
11351,validation,1
13151,validation,2
7076,validation,1
281,validation,4
5166,validation,1
6621,validation,2
6637,validation,3
12568,validation,2
6233,validation,1
8100,validation,3
8534,validation,1
14614,validation,3
7861,validation,4
3309,validation,4
794,validation,1
13839,validation,2
1484,validation,2
5630,validation,3
2692,validation,1
9143,validation,3
1974,validation,1
344,validation,4
34,validation,3
12474,validation,3
7500,validation,3
4435,validation,4
8498,validation,3
2372,validation,2
14205,validation,3
10470,validation,4
8324,validation,3
10673,validation,2
7594,validation,3
5047,validation,3
1605,validation,4
4309,validation,1
6471,validation,1
6782,validation,4
7396,validation,2
4823,validation,1
2119,validation,2
10067,validation,4
7447,validation,4
12066,validation,3
4571,validation,2
5038,validation,4
9674,validation,1
13025,validation,4
9725,validation,3
10807,validation,3
13731,validation,2
10983,validation,4
96,validation,4
196,validation,4
9268,validation,4
3712,validation,1
3675,validation,2
10050,validation,3
7768,validation,3
13420,validation,1
3085,validation,4
7967,validation,4
9271,validation,2
10768,validation,4
7902,validation,3
9446,validation,3
5657,validation,4
1281,validation,3
2396,validation,2
8367,validation,4
3804,validation,1
1160,validation,4
11702,validation,2
5614,validation,2
13642,validation,2
3756,validation,2
10608,validation,3
11527,validation,4
6304,validation,1
17,validation,3
10133,validation,3
791,validation,4
7855,validation,1
11764,validation,4
11251,validation,4
6877,validation,1
5812,validation,1
5009,validation,4
12798,validation,2
7270,validation,3
3380,validation,3
3318,validation,4
3116,validation,2
6132,validation,2
4057,validation,4
8182,validation,2
221,validation,4
1981,validation,3
5693,validation,3
8756,validation,3
13747,validation,3
9014,validation,3
9427,validation,4
7725,validation,3
12597,validation,2
3266,validation,1
6599,validation,2
7649,validation,4
12658,validation,2
11565,validation,2
9004,validation,4
9188,validation,4
11214,validation,2
12862,validation,3
12643,validation,4
6680,validation,2
6983,validation,2
9077,validation,4
13023,validation,1
4374,validation,1
8670,validation,2
4225,validation,1
10541,validation,1
4098,validation,1
9994,validation,4
6971,validation,2
13793,validation,3
3320,validation,2
9939,validation,4
3667,validation,2
11567,validation,1
7185,validation,2
10766,validation,4
843,validation,3
778,validation,1
5029,validation,4
14212,validation,3
6148,validation,3
6217,validation,4
10077,validation,3
8348,validation,1
12261,validation,4
2589,validation,3
3107,validation,4
2618,validation,4
12639,validation,4
9687,validation,4
3724,validation,1
12797,validation,2
3561,validation,1
6951,validation,4
10194,validation,3
7936,validation,3
7336,validation,3
5234,validation,4
5932,validation,2
11072,validation,4
9593,validation,4
9003,validation,4
4711,validation,1
2612,validation,4
8204,validation,1
1944,validation,3
5904,validation,3
9866,validation,4
9908,validation,3
5475,validation,3
7947,validation,2
135,validation,4
3021,validation,2
4388,validation,2
5979,validation,1
291,validation,4
6001,validation,2
7241,validation,2
4759,validation,4
1004,validation,1
10938,validation,4
10776,validation,3
13176,validation,2
3818,validation,3
10626,validation,3
11238,validation,1
8798,validation,1
10926,validation,3
5935,validation,1
2508,validation,2
5276,validation,1
10833,validation,3
1363,validation,4
8425,validation,1
10023,validation,4
3991,validation,3
2216,validation,2
12164,validation,1
12447,validation,2
10065,validation,1
1233,validation,3
10528,validation,1
11501,validation,2
1405,validation,4
829,validation,4
10054,validation,2
13406,validation,1
12026,validation,1
968,validation,3
5777,validation,3
10122,validation,3
1878,validation,4
931,validation,4
8817,validation,4
5107,validation,1
5046,validation,3
12687,validation,2
2001,validation,3
11339,validation,1
12879,validation,2
2708,validation,3
4545,validation,3
12287,validation,2
4761,validation,1
11825,validation,4
7116,validation,3
11032,validation,1
9850,validation,4
2588,validation,3
3814,validation,3
3644,validation,1
10432,validation,4
2470,validation,3
8952,validation,3
13010,validation,2
5971,validation,4
6970,validation,2
902,validation,2
7178,validation,3
7057,validation,2
11089,validation,4
6035,validation,1
877,validation,4
14240,validation,3
6855,validation,3
7748,validation,3
2729,validation,3
7424,validation,4
12569,validation,1
6090,validation,2
1368,validation,1
11884,validation,4
5766,validation,2
10985,validation,2
9665,validation,2
5347,validation,3
10940,validation,4
13590,validation,2
4215,validation,4
10869,validation,4
1551,validation,1
13570,validation,1
9899,validation,1
12954,validation,2
3956,validation,2
143,validation,4
13068,validation,1
13702,validation,1
9166,validation,4
5188,validation,1
8750,validation,1
3975,validation,3
13705,validation,2
1454,validation,4
9607,validation,4
642,validation,2
1130,validation,1
1129,validation,4
5790,validation,1
8796,validation,2
3529,validation,1
1913,validation,4
4983,validation,4
13474,validation,2
13489,validation,2
3233,validation,1
6610,validation,2
4317,validation,4
7319,validation,3
